region_id,cluster
8a2a8a892717fff,0
8a2a8ad4a0d7fff,1
8a2a8ad5931ffff,2
8a2a8ad4ad87fff,3
8a2a8ac66557fff,4
8a2a8ac6462ffff,4
8a2a8ac66257fff,4
8a2a8ad59aeffff,5
8a2a8ad4a1b7fff,5
8a2a8a892c17fff,-1
8a2a8ac6110ffff,6
8a2a8ac64557fff,5
8a2a8ac64ceffff,5
8a2a8ad5984ffff,15
8a2a8ad4a757fff,4
8a2a8ac6304ffff,4
8a2a8ac6001ffff,-1
8a2a8ac64927fff,7
8a2a8ad4bd6ffff,8
8a2a8a892987fff,7
8a2a8a89218ffff,27
8a2a8ac6508ffff,9
8a2a8ac608f7fff,9
8a2a8ad4a2cffff,-1
8a2a8ac61227fff,4
8a2a8ac62107fff,5
8a2a8ac6050ffff,-1
8a2a8ac62867fff,4
8a2a8ad4a0cffff,-1
8a2a8a892517fff,7
8a2a8ad4a857fff,7
8a2a8ad5936ffff,5
8a2a8a892027fff,7
8a2a8ad4a057fff,10
8a2a8ac60017fff,-1
8a2a8ac645b7fff,5
8a2a8ad4a0a7fff,5
8a2a8ac64c2ffff,5
8a2a8ac60b5ffff,9
8a2a8ac653b7fff,-1
8a2a8ac66c07fff,3
8a2a8ac6c107fff,3
8a2a8ac604d7fff,4
8a2a8ac63d77fff,-1
8a2a8ac60b2ffff,9
8a2a8a89671ffff,3
8a2a8ad4a577fff,2
8a2a8ac6216ffff,4
8a2a8a8965affff,7
8a2a8ad4b4a7fff,11
8a2a8ac6525ffff,-1
8a2a8ad4a357fff,3
8a2a8ad59777fff,4
8a2a8ad48c9ffff,5
8a2a8ad4a4affff,12
8a2a8ac60d97fff,3
8a2a8ac61ceffff,9
8a2a8ac6596ffff,29
8a2a8ac60cd7fff,3
8a2a8ac6566ffff,9
8a2a8ac664d7fff,3
8a2a8ac60277fff,6
8a2a8ad59217fff,-1
8a2a8ad4aa0ffff,7
8a2a8ad4b51ffff,-1
8a2a8ac6dd97fff,-1
8a2a8ac61c87fff,9
8a2a8ac6691ffff,-1
8a2a8ac6394ffff,13
8a2a8ac63577fff,-1
8a2a8ad4a867fff,-1
8a2a8ad4aa9ffff,7
8a2a8ac6138ffff,4
8a2a8ac62b07fff,4
8a2a8ac65157fff,-1
8a2a8ad59757fff,4
8a2a8ad5b34ffff,3
8a2a8ac62307fff,-1
8a2a8ac601b7fff,-1
8a2a8ac60597fff,14
8a2a8ac6196ffff,9
8a2a8ac64a27fff,11
8a2a8ad484cffff,7
8a2a8a892377fff,7
8a2a8ad5985ffff,15
8a2a8a892447fff,-1
8a2a8ac64c4ffff,-1
8a2a8a89269ffff,0
8a2a8ac6126ffff,-1
8a2a8ac64a17fff,-1
8a2a8ac64277fff,7
8a2a8ac6c067fff,16
8a2a8ac6c3affff,-1
8a2a8ac62167fff,5
8a2a8ac64667fff,-1
8a2a8a892d77fff,7
8a2a8ac614f7fff,5
8a2a8ac64727fff,-1
8a2a8ac6312ffff,5
8a2a8ac60917fff,9
8a2a8ad4b017fff,3
8a2a8ad4b32ffff,11
8a2a8ac606f7fff,-1
8a2a8ac64917fff,34
8a2a8ac6ccaffff,17
8a2a8a892087fff,7
8a2a8ac63567fff,18
8a2a8ac6458ffff,4
8a2a8ac62d37fff,5
8a2a8ac60857fff,9
8a2a8a896477fff,7
8a2a8ac66337fff,15
8a2a8ac6552ffff,9
8a2a8ac65337fff,7
8a2a8ac6140ffff,-1
8a2a8a89360ffff,19
8a2a8ac62907fff,4
8a2a8ad4e64ffff,3
8a2a8ac66387fff,4
8a2a8ac64137fff,15
8a2a8ad59747fff,4
8a2a8ac63b4ffff,4
8a2a8ac60087fff,-1
8a2a8a892367fff,3
8a2a8ad59a87fff,5
8a2a8ac664c7fff,-1
8a2a8ad4b677fff,3
8a2a8ac6c157fff,7
8a2a8ad48717fff,7
8a2a8ad4a0dffff,15
8a2a8ac6684ffff,4
8a2a8ac6044ffff,5
8a2a8ac6480ffff,20
8a2a8a89678ffff,-1
8a2a8ad59247fff,4
8a2a8a892ccffff,-1
8a2a8ad4a39ffff,7
8a2a8ac646affff,-1
8a2a8ac6031ffff,6
8a2a8ad5b66ffff,3
8a2a8ad4b577fff,-1
8a2a8a896457fff,-1
8a2a8ad4ab87fff,7
8a2a8ac646a7fff,3
8a2a8ad4819ffff,7
8a2a8ad4b2b7fff,7
8a2a8a892a37fff,3
8a2a8ac62207fff,-1
8a2a8ac63157fff,4
8a2a8ac662dffff,-1
8a2a8a89238ffff,0
8a2a8ac60d67fff,21
8a2a8ac621a7fff,5
8a2a8a896397fff,3
8a2a8ac64707fff,26
8a2a8ac61c5ffff,9
8a2a8ad4a18ffff,5
8a2a8ac630e7fff,-1
8a2a8ac60af7fff,9
8a2a8ad5b22ffff,3
8a2a8ac65687fff,9
8a2a8ac61db7fff,9
8a2a8ad4a6cffff,-1
8a2a8ac6045ffff,5
8a2a8ac60767fff,6
8a2a8a8920affff,36
8a2a8ac666cffff,5
8a2a8ac66567fff,-1
8a2a8a8922b7fff,0
8a2a8ac62d47fff,4
8a2a8ac60257fff,-1
8a2a8ad4e2d7fff,3
8a2a8ac62c4ffff,5
8a2a8ac64b47fff,-1
8a2a8ad48457fff,7
8a2a8ad5d36ffff,3
8a2a8ac64daffff,-1
8a2a8ac61927fff,9
8a2a8a892a17fff,22
8a2a8ad4b4dffff,-1
8a2a8ac618affff,0
8a2a8ac648f7fff,-1
8a2a8a8967b7fff,28
8a2a8ac6499ffff,7
8a2a8a896387fff,3
8a2a8ac66417fff,-1
8a2a8a8926dffff,0
8a2a8ac61cb7fff,-1
8a2a8ac6ed37fff,4
8a2a8ad4a117fff,5
8a2a8ac61bb7fff,0
8a2a8ad4858ffff,3
8a2a8a89231ffff,7
8a2a8ac62ac7fff,5
8a2a8ac6c8e7fff,-1
8a2a8a896797fff,-1
8a2a8ac62d6ffff,4
8a2a8ad4b197fff,7
8a2a8a8934d7fff,0
8a2a8ac6676ffff,5
8a2a8ac64837fff,21
8a2a8ac64977fff,-1
8a2a8ad4a85ffff,7
8a2a8ac61327fff,-1
8a2a8ac65837fff,-1
8a2a8ac645a7fff,5
8a2a8ac6516ffff,-1
8a2a8ad48557fff,-1
8a2a8ac6c027fff,7
8a2a8ad4a707fff,5
8a2a8ad4a177fff,5
8a2a8a892d57fff,29
8a2a8ac60557fff,14
8a2a8ad4bca7fff,7
8a2a8ad4869ffff,7
8a2a8ad4a15ffff,5
8a2a8ac6c0cffff,0
8a2a8ac60167fff,9
8a2a8ac60c57fff,-1
8a2a8ac604c7fff,4
8a2a8ac65d8ffff,23
8a2a8ac60aaffff,9
8a2a8ac6506ffff,7
8a2a8ac619b7fff,9
8a2a8a8964dffff,-1
8a2a8ac64a77fff,23
8a2a8ad59ae7fff,4
8a2a8ac65daffff,23
8a2a8ac61ab7fff,0
8a2a8ac65db7fff,23
8a2a8ac6392ffff,24
8a2a8ac60c0ffff,-1
8a2a8ac6300ffff,3
8a2a8ad5b31ffff,3
8a2a8ac62aa7fff,-1
8a2a8ac64d17fff,25
8a2a8ad4a70ffff,5
8a2a8ad59ac7fff,4
8a2a8ac61387fff,5
8a2a8ad4854ffff,7
8a2a8ad485affff,4
8a2a8ad5b74ffff,3
8a2a8a893487fff,0
8a2a8ac6102ffff,-1
8a2a8ac657b7fff,9
8a2a8ac6119ffff,14
8a2a8ad5960ffff,4
8a2a8ad4ab47fff,7
8a2a8ad4b527fff,-1
8a2a8a89252ffff,-1
8a2a8ac666e7fff,4
8a2a8ac64b27fff,11
8a2a8ad4a34ffff,-1
8a2a8ac6192ffff,9
8a2a8ac60657fff,-1
8a2a8a89266ffff,7
8a2a8ac63947fff,-1
8a2a8ac63ce7fff,18
8a2a8ac654e7fff,9
8a2a8ac64ab7fff,11
8a2a8ad48517fff,-1
8a2a8a892567fff,-1
8a2a8ad4a61ffff,5
8a2a8ac62a4ffff,5
8a2a8ac6639ffff,4
8a2a8a8934f7fff,0
8a2a8ac61b27fff,0
8a2a8a896777fff,7
8a2a8ac6570ffff,9
8a2a8ac60aa7fff,9
8a2a8ac6402ffff,11
8a2a8ac64c97fff,-1
8a2a8ac65057fff,-1
8a2a8a89211ffff,7
8a2a8ac6c777fff,0
8a2a8ac6c137fff,3
8a2a8ad59b4ffff,26
8a2a8a89229ffff,0
8a2a8ac609a7fff,9
8a2a8a8962d7fff,3
8a2a8a89240ffff,3
8a2a8ac65d2ffff,7
8a2a8ac600d7fff,-1
8a2a8ad59067fff,-1
8a2a8a893087fff,3
8a2a8ad4b557fff,-1
8a2a8ac6ed27fff,4
8a2a8ac64737fff,-1
8a2a8a8928a7fff,7
8a2a8a8922cffff,0
8a2a8ac6405ffff,7
8a2a8ac66c57fff,3
8a2a8a8924a7fff,-1
8a2a8a8937a7fff,0
8a2a8ac62947fff,-1
8a2a8ac64baffff,11
8a2a8ac61077fff,-1
8a2a8ac64c07fff,5
8a2a8ac64187fff,8
8a2a8ac61977fff,9
8a2a8ad4a72ffff,-1
8a2a8a8962effff,3
8a2a8ad4b097fff,7
8a2a8ac66597fff,3
8a2a8a893617fff,0
8a2a8ad4b217fff,29
8a2a8ac641affff,8
8a2a8ac6025ffff,6
8a2a8ac63307fff,-1
8a2a8ad4a6a7fff,5
8a2a8ac66197fff,-1
8a2a8ac60617fff,-1
8a2a8ac6ddaffff,-1
8a2a8ac61a8ffff,0
8a2a8ac63b87fff,13
8a2a8ac65237fff,23
8a2a8a896ad7fff,3
8a2a8ad4a627fff,4
8a2a8a892017fff,27
8a2a8ac6358ffff,-1
8a2a8ad5b2a7fff,3
8a2a8ac606c7fff,24
8a2a8ac75b27fff,3
8a2a8a892477fff,-1
8a2a8a892baffff,3
8a2a8ac65357fff,7
8a2a8ad4aa67fff,7
8a2a8a892d8ffff,-1
8a2a8a8928dffff,7
8a2a8ac62b6ffff,14
8a2a8ac6c89ffff,3
8a2a8ad59607fff,4
8a2a8ac66157fff,15
8a2a8ac631affff,3
8a2a8ad4a62ffff,4
8a2a8a89201ffff,-1
8a2a8ac63a77fff,5
8a2a8ac64637fff,4
8a2a8ac659affff,-1
8a2a8ac6154ffff,14
8a2a8ac66b27fff,4
8a2a8ad4bc97fff,7
8a2a8ac61467fff,13
8a2a8ac65cd7fff,9
8a2a8a896207fff,3
8a2a8ac62b57fff,4
8a2a8ad4bcdffff,-1
8a2a8ac6cd2ffff,0
8a2a8ac64a5ffff,-1
8a2a8a89351ffff,3
8a2a8ad59acffff,1
8a2a8ad486cffff,3
8a2a8ac641b7fff,8
8a2a8ad4a95ffff,-1
8a2a8ac6581ffff,23
8a2a8ad4b21ffff,-1
8a2a8a89290ffff,3
8a2a8ac6041ffff,5
8a2a8ac60827fff,9
8a2a8a893787fff,0
8a2a8ad4aaaffff,34
8a2a8ac617a7fff,13
8a2a8ad4a877fff,3
8a2a8ac63aa7fff,13
8a2a8ad59357fff,5
8a2a8ac6568ffff,9
8a2a8ad59a67fff,5
8a2a8ad4a187fff,5
8a2a8ac64cc7fff,5
8a2a8ac602e7fff,6
8a2a8ad4bce7fff,8
8a2a8a89260ffff,0
8a2a8a892b17fff,3
8a2a8ac656f7fff,9
8a2a8ac65997fff,20
8a2a8ac65c9ffff,-1
8a2a8ac66847fff,4
8a2a8ac6532ffff,7
8a2a8ac635b7fff,18
8a2a8a896297fff,3
8a2a8ac62177fff,4
8a2a8ac63337fff,4
8a2a8ac602a7fff,6
8a2a8ac60a9ffff,9
8a2a8a89650ffff,7
8a2a8ac64a8ffff,7
8a2a8ad4e277fff,3
8a2a8ac62b17fff,4
8a2a8ac66287fff,5
8a2a8ad5916ffff,4
8a2a8ac65987fff,-1
8a2a8ad4a84ffff,7
8a2a8a8922affff,0
8a2a8ac650a7fff,9
8a2a8ad48597fff,4
8a2a8ac65b6ffff,28
8a2a8ac62a37fff,4
8a2a8a89225ffff,3
8a2a8a8934dffff,0
8a2a8ad4a607fff,4
8a2a8ac60957fff,9
8a2a8ad5b287fff,3
8a2a8ad48727fff,7
8a2a8ac66b57fff,3
8a2a8ad4b5a7fff,11
8a2a8ac618f7fff,0
8a2a8ac66717fff,5
8a2a8ac6410ffff,11
8a2a8ad5d26ffff,3
8a2a8ac60137fff,-1
8a2a8ad5bb5ffff,3
8a2a8ac6469ffff,7
8a2a8ad4856ffff,7
8a2a8a8923affff,0
8a2a8ac66d1ffff,3
8a2a8ac64d47fff,4
8a2a8ac60977fff,-1
8a2a8ac63b37fff,5
8a2a8ac6294ffff,14
8a2a8ac62b47fff,4
8a2a8ac61637fff,3
8a2a8ac63897fff,4
8a2a8ac607affff,-1
8a2a8ac6296ffff,-1
8a2a8ac75b1ffff,3
8a2a8ad5b257fff,3
8a2a8ad4808ffff,7
8a2a8ac65107fff,-1
8a2a8ad4a44ffff,4
8a2a8ac639a7fff,24
8a2a8ac60a97fff,9
8a2a8a89622ffff,3
8a2a8ac65637fff,9
8a2a8ac654affff,9
8a2a8ac66617fff,5
8a2a8ad5920ffff,5
8a2a8ac66a5ffff,7
8a2a8ac66d6ffff,26
8a2a8a893737fff,0
8a2a8ac6544ffff,9
8a2a8ad4ad5ffff,5
8a2a8ad4b707fff,-1
8a2a8ac65ab7fff,-1
8a2a8a8936d7fff,19
8a2a8ac6132ffff,4
8a2a8ac66077fff,15
8a2a8ad4b647fff,3
8a2a8a8922dffff,0
8a2a8ac662f7fff,14
8a2a8a893407fff,0
8a2a8ac61d07fff,9
8a2a8a892d47fff,7
8a2a8ac64a9ffff,7
8a2a8ac61d6ffff,9
8a2a8ac6400ffff,11
8a2a8ac66c67fff,3
8a2a8ac61c8ffff,9
8a2a8ac66a8ffff,15
8a2a8ad4e6dffff,3
8a2a8ac6c14ffff,16
8a2a8ad4aab7fff,34
8a2a8ac66997fff,4
8a2a8ac6421ffff,7
8a2a8ac640b7fff,-1
8a2a8a893547fff,0
8a2a8ac644a7fff,26
8a2a8ac66b17fff,4
8a2a8ac64c67fff,21
8a2a8a89299ffff,7
8a2a8ac63467fff,5
8a2a8ac64337fff,7
8a2a8a8926d7fff,0
8a2a8ad4a527fff,3
8a2a8ac60bb7fff,9
8a2a8ac61477fff,-1
8a2a8ac6231ffff,-1
8a2a8ac603b7fff,6
8a2a8ac62247fff,18
8a2a8ad48697fff,-1
8a2a8ac65077fff,-1
8a2a8ac6215ffff,4
8a2a8ac648c7fff,-1
8a2a8a892cdffff,-1
8a2a8ad4e74ffff,3
8a2a8ac65c27fff,23
8a2a8ad4e38ffff,8
8a2a8ad48547fff,-1
8a2a8ad5b747fff,3
8a2a8a893507fff,3
8a2a8ad5905ffff,-1
8a2a8ad4bcf7fff,11
8a2a8ac6696ffff,-1
8a2a8ad4b88ffff,8
8a2a8ac653a7fff,-1
8a2a8ac65d67fff,3
8a2a8a892b87fff,22
8a2a8ac66c0ffff,3
8a2a8a892ac7fff,7
8a2a8ac61557fff,3
8a2a8ac6cb57fff,0
8a2a8ac64027fff,11
8a2a8ac66b8ffff,3
8a2a8ad4845ffff,7
8a2a8ad48687fff,7
8a2a8ad4b687fff,-1
8a2a8a8936a7fff,0
8a2a8ac6c02ffff,7
8a2a8a8964a7fff,7
8a2a8ac6168ffff,4
8a2a8ac6584ffff,-1
8a2a8a896d97fff,-1
8a2a8ad4b58ffff,-1
8a2a8a892147fff,7
8a2a8ac635affff,-1
8a2a8ac65b77fff,28
8a2a8ac62d4ffff,4
8a2a8a896cb7fff,-1
8a2a8ac615a7fff,-1
8a2a8ac64377fff,-1
8a2a8ac6404ffff,7
8a2a8ac61777fff,13
8a2a8ac6514ffff,-1
8a2a8a896217fff,3
8a2a8a89214ffff,7
8a2a8ac609b7fff,-1
8a2a8ac6414ffff,11
8a2a8a893db7fff,3
8a2a8ac6598ffff,-1
8a2a8ad5b2e7fff,3
8a2a8ac63077fff,3
8a2a8ac60267fff,-1
8a2a8ac6c8c7fff,16
8a2a8ac616a7fff,3
8a2a8ac6486ffff,11
8a2a8ac6c087fff,3
8a2a8a89281ffff,7
8a2a8ac60527fff,3
8a2a8ac60d27fff,3
8a2a8a892407fff,-1
8a2a8ad596e7fff,4
8a2a8ad5b2b7fff,3
8a2a8a892bb7fff,-1
8a2a8a8928affff,7
8a2a8ac65137fff,-1
8a2a8ad59b37fff,15
8a2a8ac6c31ffff,-1
8a2a8ac63c97fff,18
8a2a8ac64387fff,7
8a2a8ac6354ffff,-1
8a2a8ac6319ffff,-1
8a2a8ac60027fff,-1
8a2a8ac6408ffff,3
8a2a8ac63d2ffff,-1
8a2a8ac667b7fff,5
8a2a8ac62ccffff,4
8a2a8ad4a247fff,-1
8a2a8ac6169ffff,4
8a2a8a8924effff,0
8a2a8ac6cd87fff,-1
8a2a8ac66207fff,5
8a2a8ac642c7fff,-1
8a2a8a89648ffff,7
8a2a8ac61a37fff,0
8a2a8ac61427fff,3
8a2a8a89245ffff,-1
8a2a8ac646f7fff,-1
8a2a8ad4ac47fff,5
8a2a8a8922f7fff,0
8a2a8ac656d7fff,9
8a2a8a8930affff,3
8a2a8ac6051ffff,4
8a2a8ac61497fff,5
8a2a8ac62257fff,18
8a2a8ac65baffff,-1
8a2a8ad4a46ffff,4
8a2a8ac6069ffff,-1
8a2a8ac66a0ffff,21
8a2a8ac65b4ffff,7
8a2a8ac61d9ffff,9
8a2a8ac6c567fff,-1
8a2a8ac640c7fff,11
8a2a8a89219ffff,-1
8a2a8ac65b1ffff,7
8a2a8ad4a2d7fff,7
8a2a8ac65a5ffff,7
8a2a8ac6c1a7fff,3
8a2a8ad4a427fff,8
8a2a8ad4b6e7fff,7
8a2a8ac6c207fff,0
8a2a8a8935a7fff,3
8a2a8ac66037fff,15
8a2a8ad4b547fff,-1
8a2a8a8936effff,19
8a2a8ad5974ffff,4
8a2a8ac66047fff,15
8a2a8ac6dc37fff,-1
8a2a8a8922e7fff,7
8a2a8ad4aa6ffff,7
8a2a8ac6654ffff,5
8a2a8a89224ffff,3
8a2a8ad5b30ffff,3
8a2a8ac63a57fff,5
8a2a8ac6158ffff,6
8a2a8ad486e7fff,3
8a2a8ac6c397fff,0
8a2a8ac66acffff,-1
8a2a8a893097fff,0
8a2a8ad590c7fff,2
8a2a8ac6cb77fff,0
8a2a8ad4b44ffff,-1
8a2a8ad4b38ffff,7
8a2a8ac62987fff,4
8a2a8ac63c8ffff,18
8a2a8a89239ffff,0
8a2a8ac6295ffff,-1
8a2a8ac66adffff,-1
8a2a8ac63a07fff,13
8a2a8a892a07fff,7
8a2a8ac63b77fff,13
8a2a8ad59257fff,5
8a2a8ac6078ffff,-1
8a2a8ac65007fff,-1
8a2a8ac651b7fff,9
8a2a8ac64497fff,5
8a2a8ad5906ffff,4
8a2a8ac64777fff,4
8a2a8ac61aa7fff,0
8a2a8ac60c07fff,7
8a2a8ac62877fff,5
8a2a8ac63cc7fff,18
8a2a8ac64047fff,11
8a2a8ad4b52ffff,-1
8a2a8ac6c92ffff,0
8a2a8a89661ffff,3
8a2a8a89638ffff,3
8a2a8ac6cc87fff,3
8a2a8ad4a8cffff,5
8a2a8ac6101ffff,13
8a2a8ac61807fff,9
8a2a8ac6c91ffff,-1
8a2a8a896487fff,7
8a2a8ac6585ffff,-1
8a2a8ac6cc47fff,3
8a2a8ac66687fff,5
8a2a8ac63057fff,3
8a2a8a89294ffff,3
8a2a8ad4abaffff,7
8a2a8ac64647fff,-1
8a2a8ad487affff,7
8a2a8a892d17fff,7
8a2a8ac61aeffff,0
8a2a8ad4e677fff,3
8a2a8ac6580ffff,23
8a2a8ac66887fff,4
8a2a8ac6c177fff,7
8a2a8ac62077fff,5
8a2a8ad4bc6ffff,-1
8a2a8ad4a68ffff,5
8a2a8ac6055ffff,13
8a2a8ac6418ffff,8
8a2a8ac66d07fff,15
8a2a8a896597fff,29
8a2a8ac61daffff,9
8a2a8ad4b077fff,3
8a2a8ac60b6ffff,9
8a2a8ac6219ffff,5
8a2a8ac65017fff,9
8a2a8ac6c56ffff,17
8a2a8ad5b2f7fff,3
8a2a8ac62c2ffff,4
8a2a8ad4b737fff,-1
8a2a8ad4a66ffff,7
8a2a8ac65257fff,-1
8a2a8ac64ca7fff,5
8a2a8a89664ffff,7
8a2a8ad592dffff,-1
8a2a8a896687fff,7
8a2a8ac604b7fff,14
8a2a8ad4aa97fff,7
8a2a8ac666dffff,4
8a2a8ad4a8f7fff,-1
8a2a8ac64ce7fff,5
8a2a8a892917fff,7
8a2a8ac62b0ffff,4
8a2a8a892967fff,3
8a2a8ac6cad7fff,-1
8a2a8ac61027fff,6
8a2a8ad4b1affff,3
8a2a8ac64b77fff,-1
8a2a8ad5b0effff,3
8a2a8ac66aeffff,7
8a2a8ad4b62ffff,7
8a2a8ac6535ffff,7
8a2a8ac63527fff,18
8a2a8ad4a697fff,5
8a2a8ac62377fff,-1
8a2a8ac664dffff,4
8a2a8ad4b417fff,11
8a2a8ad4bc67fff,8
8a2a8ac6cd17fff,0
8a2a8ac60627fff,-1
8a2a8a893567fff,3
8a2a8ac6105ffff,13
8a2a8ac6144ffff,5
8a2a8ac63a0ffff,5
8a2a8a892997fff,7
8a2a8ad48cd7fff,5
8a2a8ac65c6ffff,-1
8a2a8ac6621ffff,5
8a2a8ac60887fff,-1
8a2a8ac66457fff,4
8a2a8ac66d67fff,-1
8a2a8ac6386ffff,5
8a2a8ac6505ffff,23
8a2a8ac6100ffff,-1
8a2a8ad4879ffff,7
8a2a8ac666effff,5
8a2a8a89264ffff,7
8a2a8ad4a5a7fff,3
8a2a8ac6ca67fff,0
8a2a8ac66d27fff,15
8a2a8ac63d57fff,-1
8a2a8ac66987fff,4
8a2a8a892b1ffff,3
8a2a8ad4a997fff,3
8a2a8ac64a07fff,-1
8a2a8ac75b57fff,4
8a2a8a89222ffff,22
8a2a8ac60497fff,4
8a2a8ac610c7fff,13
8a2a8ac66837fff,4
8a2a8ac668c7fff,4
8a2a8ac6572ffff,9
8a2a8ac65177fff,-1
8a2a8ac6534ffff,7
8a2a8ac65d27fff,23
8a2a8a8925b7fff,-1
8a2a8ac60317fff,6
8a2a8ad59a2ffff,4
8a2a8ad59647fff,4
8a2a8ac61ae7fff,0
8a2a8ac61007fff,-1
8a2a8ac66057fff,-1
8a2a8ac610a7fff,5
8a2a8ac66187fff,15
8a2a8a892437fff,-1
8a2a8ac6026ffff,6
8a2a8ad4ac17fff,5
8a2a8ad4b4affff,11
8a2a8ac660cffff,-1
8a2a8ad4b40ffff,-1
8a2a8ac65917fff,-1
8a2a8ac65a67fff,-1
8a2a8ad4a90ffff,4
8a2a8ad48657fff,3
8a2a8ad4a02ffff,5
8a2a8a892c07fff,-1
8a2a8ad5b227fff,3
8a2a8ac658cffff,-1
8a2a8a8925a7fff,-1
8a2a8ac65627fff,9
8a2a8ac6c86ffff,0
8a2a8a89270ffff,0
8a2a8ad4a52ffff,2
8a2a8ac6399ffff,-1
8a2a8ad4b467fff,-1
8a2a8ac6c367fff,3
8a2a8ac65a1ffff,7
8a2a8ac6182ffff,9
8a2a8ac65d9ffff,-1
8a2a8ac62c47fff,5
8a2a8ad59b47fff,8
8a2a8ac62a5ffff,5
8a2a8ad48577fff,4
8a2a8ac60c27fff,7
8a2a8ac669a7fff,5
8a2a8ac648affff,7
8a2a8ac6034ffff,9
8a2a8ad4a71ffff,5
8a2a8ad4a78ffff,5
8a2a8ac61d5ffff,9
8a2a8ad4bc1ffff,-1
8a2a8ac62977fff,-1
8a2a8a896c97fff,3
8a2a8ac6ca0ffff,0
8a2a8ac62917fff,4
8a2a8ad5bb4ffff,3
8a2a8ac62ce7fff,5
8a2a8ac660a7fff,15
8a2a8a893727fff,0
8a2a8ad5b2c7fff,3
8a2a8ac6284ffff,4
8a2a8a8962dffff,3
8a2a8ad4b887fff,8
8a2a8ac6305ffff,-1
8a2a8ac60547fff,13
8a2a8a892727fff,0
8a2a8ad59287fff,5
8a2a8ad4e60ffff,3
8a2a8ac61b8ffff,0
8a2a8ad4b04ffff,7
8a2a8a892c97fff,7
8a2a8ad590dffff,4
8a2a8ac6522ffff,-1
8a2a8ac63047fff,4
8a2a8ac6016ffff,9
8a2a8ac6481ffff,20
8a2a8a892897fff,7
8a2a8ac608cffff,9
8a2a8ad4e76ffff,3
8a2a8a892757fff,0
8a2a8ac66b5ffff,7
8a2a8ac64807fff,-1
8a2a8ac62b2ffff,4
8a2a8ac66007fff,15
8a2a8a8906affff,3
8a2a8ac63ad7fff,13
8a2a8ad4ac27fff,5
8a2a8ac65067fff,23
8a2a8ac6342ffff,7
8a2a8ac6c95ffff,0
8a2a8ac62b1ffff,4
8a2a8ac614e7fff,5
8a2a8ac660c7fff,-1
8a2a8ac6c9a7fff,7
8a2a8ac6559ffff,9
8a2a8ac61547fff,3
8a2a8ac64c17fff,5
8a2a8ac61c0ffff,9
8a2a8ac64477fff,-1
8a2a8ac7592ffff,3
8a2a8a89289ffff,7
8a2a8ac64587fff,5
8a2a8ac6ca47fff,0
8a2a8ac6114ffff,0
8a2a8ac65147fff,-1
8a2a8ac6299ffff,4
8a2a8ac64cdffff,5
8a2a8ac6179ffff,4
8a2a8ad59a1ffff,4
8a2a8ac6471ffff,5
8a2a8ac6198ffff,9
8a2a8ad4b247fff,7
8a2a8ac60ac7fff,9
8a2a8ac6048ffff,5
8a2a8ac644b7fff,26
8a2a8ac6008ffff,-1
8a2a8ac62b87fff,4
8a2a8ac66507fff,4
8a2a8ac6699ffff,4
8a2a8ad4acc7fff,5
8a2a8ad4e267fff,4
8a2a8ac65117fff,-1
8a2a8ad4a647fff,4
8a2a8a89242ffff,7
8a2a8ac60147fff,9
8a2a8ad5964ffff,5
8a2a8ac63b17fff,5
8a2a8ac660e7fff,15
8a2a8ad4a017fff,5
8a2a8ac65197fff,9
8a2a8a89358ffff,0
8a2a8ac6cccffff,17
8a2a8ac668f7fff,2
8a2a8ad4a6dffff,4
8a2a8a892557fff,-1
8a2a8ac6c80ffff,7
8a2a8ad4ac4ffff,5
8a2a8ac66777fff,5
8a2a8ad48707fff,7
8a2a8ac600effff,6
8a2a8ac62b67fff,5
8a2a8ac6449ffff,5
8a2a8ad59baffff,4
8a2a8ac6cca7fff,-1
8a2a8ac64177fff,11
8a2a8ac6038ffff,6
8a2a8ac620b7fff,4
8a2a8ac6c897fff,0
8a2a8ac628f7fff,5
8a2a8ad4b56ffff,7
8a2a8ad5b347fff,3
8a2a8a8936cffff,19
8a2a8ad5d25ffff,3
8a2a8ac63147fff,5
8a2a8ac60c17fff,3
8a2a8a892a4ffff,3
8a2a8a892c27fff,7
8a2a8a892617fff,0
8a2a8ac65787fff,9
8a2a8ac65d97fff,23
8a2a8ac6151ffff,6
8a2a8ad4bd77fff,-1
8a2a8ad4bd17fff,7
8a2a8ac62857fff,4
8a2a8ac66537fff,3
8a2a8ad5b237fff,3
8a2a8ac65ba7fff,-1
8a2a8ac66cf7fff,-1
8a2a8ad48487fff,7
8a2a8ac63c47fff,-1
8a2a8ac6678ffff,5
8a2a8ac64c27fff,5
8a2a8ac6562ffff,9
8a2a8ac65477fff,9
8a2a8a896617fff,3
8a2a8ad4b387fff,7
8a2a8ad4a74ffff,7
8a2a8ac6148ffff,5
8a2a8ac6352ffff,18
8a2a8ac6184ffff,0
8a2a8ac650effff,-1
8a2a8ad4b7a7fff,23
8a2a8ad59a97fff,4
8a2a8a8936dffff,0
8a2a8ac6291ffff,4
8a2a8ac63c0ffff,18
8a2a8ac63baffff,5
8a2a8ac64d1ffff,10
8a2a8a89284ffff,3
8a2a8ac610f7fff,13
8a2a8ac66957fff,2
8a2a8ac6602ffff,15
8a2a8ad4b69ffff,-1
8a2a8a89309ffff,0
8a2a8ac638dffff,5
8a2a8ad4a927fff,3
8a2a8ac61037fff,9
8a2a8ac64b17fff,11
8a2a8ac64b8ffff,11
8a2a8ac65cf7fff,-1
8a2a8ac6332ffff,-1
8a2a8ad4b3a7fff,7
8a2a8ac6355ffff,-1
8a2a8ad4a287fff,7
8a2a8ad4a397fff,-1
8a2a8a89344ffff,0
8a2a8ad592affff,5
8a2a8ad4b437fff,35
8a2a8ac61acffff,-1
8a2a8a8963affff,3
8a2a8ac65a27fff,7
8a2a8ac6631ffff,5
8a2a8ac6c0c7fff,-1
8a2a8ac6685ffff,4
8a2a8ac64d57fff,5
8a2a8ac60b77fff,9
8a2a8a892127fff,7
8a2a8ac62af7fff,5
8a2a8ac647affff,4
8a2a8ac60c5ffff,32
8a2a8ad4e29ffff,3
8a2a8ac6494ffff,7
8a2a8ac6039ffff,6
8a2a8ad4e21ffff,3
8a2a8a8924c7fff,0
8a2a8ac654d7fff,9
8a2a8ad4b267fff,7
8a2a8ac65b5ffff,7
8a2a8ac66697fff,5
8a2a8ad48087fff,7
8a2a8ac60717fff,7
8a2a8ac64d87fff,25
8a2a8ac6512ffff,-1
8a2a8ad4a4c7fff,12
8a2a8ad4b09ffff,7
8a2a8ad5b377fff,3
8a2a8ad4b2e7fff,7
8a2a8ad4e69ffff,3
8a2a8ad4ac9ffff,3
8a2a8ac6236ffff,18
8a2a8ac6468ffff,7
8a2a8ac6020ffff,6
8a2a8ad486d7fff,7
8a2a8ac6145ffff,5
8a2a8ad4b6d7fff,7
8a2a8ad4b0e7fff,-1
8a2a8ac6c38ffff,0
8a2a8a89209ffff,-1
8a2a8ac6520ffff,-1
8a2a8ac62127fff,5
8a2a8ac6609ffff,5
8a2a8ad59317fff,-1
8a2a8ac60937fff,9
8a2a8ac63ccffff,18
8a2a8ac61caffff,9
8a2a8ac652effff,-1
8a2a8ac66867fff,4
8a2a8ad4aaa7fff,15
8a2a8ad4a417fff,12
8a2a8ac6109ffff,5
8a2a8ac6155ffff,-1
8a2a8a892927fff,3
8a2a8ad4bc17fff,11
8a2a8ad5d34ffff,3
8a2a8ac619a7fff,9
8a2a8ad4a7affff,5
8a2a8ad4b78ffff,-1
8a2a8ac61cc7fff,9
8a2a8ac62ad7fff,5
8a2a8ad4b177fff,3
8a2a8ac6315ffff,4
8a2a8ac61707fff,13
8a2a8ac6652ffff,4
8a2a8a89659ffff,7
8a2a8ac657affff,9
8a2a8ac6106ffff,-1
8a2a8ac64a37fff,-1
8a2a8ac60037fff,-1
8a2a8ac618a7fff,9
8a2a8ac6004ffff,6
8a2a8ac642cffff,-1
8a2a8ac6cc07fff,3
8a2a8ac6664ffff,5
8a2a8a892417fff,0
8a2a8ac63aeffff,-1
8a2a8ad4a8a7fff,30
8a2a8ac604cffff,5
8a2a8ac638b7fff,-1
8a2a8ac64897fff,-1
8a2a8ad4a6d7fff,4
8a2a8ac61c4ffff,9
8a2a8ac60a2ffff,-1
8a2a8ad59b97fff,4
8a2a8ac63167fff,13
8a2a8ac66bb7fff,3
8a2a8ac63587fff,-1
8a2a8ac6515ffff,23
8a2a8ac662d7fff,14
8a2a8ad4a86ffff,7
8a2a8ad4bd57fff,-1
8a2a8ac61ac7fff,0
8a2a8ad4a20ffff,7
8a2a8ad4b2affff,7
8a2a8ad4e28ffff,3
8a2a8a8934cffff,0
8a2a8ac6488ffff,-1
8a2a8ad4b8c7fff,3
8a2a8ac6351ffff,7
8a2a8ac6eda7fff,4
8a2a8a892887fff,7
8a2a8a892a97fff,7
8a2a8ac6c0a7fff,3
8a2a8ac63837fff,24
8a2a8ad4a567fff,4
8a2a8ac6672ffff,5
8a2a8ad4a40ffff,8
8a2a8ac65caffff,-1
8a2a8ac6440ffff,4
8a2a8ad4b64ffff,11
8a2a8ad4b0c7fff,-1
8a2a8ac65c4ffff,9
8a2a8ac638effff,-1
8a2a8ac62b77fff,4
8a2a8ac651a7fff,9
8a2a8ad4e2a7fff,8
8a2a8ac65d57fff,7
8a2a8ad4a667fff,3
8a2a8ac65ceffff,-1
8a2a8ad4b0effff,29
8a2a8ad59277fff,4
8a2a8ad4b517fff,11
8a2a8ac6cd5ffff,0
8a2a8a892707fff,0
8a2a8ac65247fff,3
8a2a8ac6504ffff,23
8a2a8ac6401ffff,11
8a2a8ac6152ffff,6
8a2a8ac62327fff,-1
8a2a8ac6594ffff,11
8a2a8ad4e75ffff,3
8a2a8ac6391ffff,24
8a2a8ad4ac6ffff,5
8a2a8ac60607fff,-1
8a2a8ad59a8ffff,5
8a2a8ac668dffff,25
8a2a8ac64397fff,7
8a2a8ad59627fff,3
8a2a8ac61c37fff,9
8a2a8ad4e35ffff,3
8a2a8a89204ffff,7
8a2a8ac60a27fff,9
8a2a8ad4aadffff,3
8a2a8ac618b7fff,9
8a2a8ad59aa7fff,4
8a2a8ac63c2ffff,18
8a2a8ac66167fff,15
8a2a8ad4b797fff,-1
8a2a8ad592e7fff,5
8a2a8a893677fff,0
8a2a8ad4aaeffff,3
8a2a8ad4e637fff,3
8a2a8ac62a97fff,-1
8a2a8ac6c54ffff,17
8a2a8ac656c7fff,9
8a2a8ad4ad6ffff,4
8a2a8ad4b697fff,23
8a2a8ad4bcb7fff,7
8a2a8a892c57fff,-1
8a2a8a8923a7fff,-1
8a2a8ad59b0ffff,3
8a2a8ac6c987fff,0
8a2a8ac6589ffff,23
8a2a8a89265ffff,7
8a2a8a89285ffff,3
8a2a8ad59ba7fff,-1
8a2a8ac61d47fff,9
8a2a8ad4ab6ffff,7
8a2a8ad5915ffff,8
8a2a8ac6254ffff,5
8a2a8ac61d8ffff,9
8a2a8ad4e62ffff,3
8a2a8ac61587fff,-1
8a2a8ac63007fff,3
8a2a8ad4ad0ffff,-1
8a2a8ac6660ffff,4
8a2a8ac656cffff,9
8a2a8ad596cffff,3
8a2a8a8922c7fff,0
8a2a8ac60ad7fff,9
8a2a8a8935affff,3
8a2a8a892d6ffff,7
8a2a8ac648effff,11
8a2a8ac6670ffff,5
8a2a8ad4842ffff,7
8a2a8ad4a38ffff,7
8a2a8ad4b477fff,-1
8a2a8ac6634ffff,3
8a2a8ac605b7fff,14
8a2a8ad4a277fff,-1
8a2a8a892d4ffff,7
8a2a8ad59a9ffff,4
8a2a8ac621affff,4
8a2a8ad5978ffff,3
8a2a8ac66807fff,5
8a2a8ac6092ffff,31
8a2a8a892507fff,7
8a2a8ad4b107fff,8
8a2a8ac61b57fff,0
8a2a8a892357fff,22
8a2a8ac60417fff,5
8a2a8ac6ca5ffff,-1
8a2a8ac65b47fff,-1
8a2a8ac61197fff,3
8a2a8ad5939ffff,4
8a2a8ac66ae7fff,-1
8a2a8ac6cc17fff,3
8a2a8ac63b97fff,13
8a2a8ac664effff,4
8a2a8ac610dffff,13
8a2a8ac65087fff,9
8a2a8ac61237fff,4
8a2a8ac63a27fff,13
8a2a8ac65377fff,7
8a2a8ac60157fff,-1
8a2a8ad59ad7fff,-1
8a2a8a892ba7fff,7
8a2a8ac6c8a7fff,0
8a2a8ac6185ffff,0
8a2a8ad486b7fff,-1
8a2a8ac60d2ffff,3
8a2a8ad4a8e7fff,-1
8a2a8a892d5ffff,-1
8a2a8ac61667fff,-1
8a2a8ac6500ffff,-1
8a2a8ac61577fff,6
8a2a8ac66a6ffff,7
8a2a8ac64437fff,5
8a2a8a8928c7fff,7
8a2a8ac66427fff,3
8a2a8ad4a2dffff,11
8a2a8ad5da4ffff,3
8a2a8a892d97fff,7
8a2a8a892167fff,-1
8a2a8a89620ffff,3
8a2a8a8924e7fff,0
8a2a8ac66d0ffff,15
8a2a8ac6cc0ffff,3
8a2a8ad4a837fff,-1
8a2a8ac6614ffff,15
8a2a8ac6cba7fff,0
8a2a8ad59a17fff,3
8a2a8ac60a87fff,9
8a2a8ad4a847fff,7
8a2a8ad4b587fff,11
8a2a8ac6665ffff,5
8a2a8ac638c7fff,13
8a2a8ac64407fff,5
8a2a8ac64a87fff,11
8a2a8ac66587fff,3
8a2a8ad4ad77fff,5
8a2a8ac644e7fff,4
8a2a8ad59057fff,-1
8a2a8a8966dffff,3
8a2a8ac6586ffff,-1
8a2a8ad4a127fff,5
8a2a8ad59687fff,3
8a2a8ac6c85ffff,0
8a2a8ac6181ffff,0
8a2a8a89292ffff,3
8a2a8ac665affff,3
8a2a8ac6c82ffff,0
8a2a8ac618cffff,3
8a2a8ac63a4ffff,-1
8a2a8ac6202ffff,4
8a2a8a892a27fff,3
8a2a8ad4aa57fff,7
8a2a8ac66b1ffff,4
8a2a8ac6142ffff,-1
8a2a8a892677fff,7
8a2a8ac65b8ffff,-1
8a2a8ac62a57fff,13
8a2a8ac60077fff,-1
8a2a8ac6104ffff,13
8a2a8ac65c1ffff,-1
8a2a8ad596a7fff,3
8a2a8ac61c2ffff,9
8a2a8ac6200ffff,5
8a2a8ac62b27fff,4
8a2a8ac668e7fff,4
8a2a8ac650cffff,-1
8a2a8ac668b7fff,-1
8a2a8ac60237fff,6
8a2a8a89370ffff,0
8a2a8ad4a26ffff,7
8a2a8ac66a27fff,-1
8a2a8ac64b97fff,11
8a2a8ac64c0ffff,5
8a2a8ac6429ffff,31
8a2a8ac63b0ffff,13
8a2a8ad59b8ffff,4
8a2a8a892787fff,0
8a2a8ad4bda7fff,7
8a2a8a89286ffff,3
8a2a8a89352ffff,3
8a2a8ad4b427fff,-1
8a2a8ac64d8ffff,10
8a2a8a89228ffff,0
8a2a8ad48537fff,5
8a2a8ad4a8d7fff,5
8a2a8ac61a07fff,0
8a2a8ac65d77fff,3
8a2a8ac6578ffff,9
8a2a8ac6032ffff,9
8a2a8a89674ffff,3
8a2a8ac60a5ffff,9
8a2a8ad4a477fff,8
8a2a8ad5932ffff,4
8a2a8ac63827fff,-1
8a2a8ac6118ffff,13
8a2a8ac6282ffff,4
8a2a8ac60c47fff,32
8a2a8ac640cffff,7
8a2a8ad4a91ffff,26
8a2a8ac61d0ffff,9
8a2a8ac650c7fff,-1
8a2a8ac6c077fff,7
8a2a8a8936e7fff,19
8a2a8ad48097fff,7
8a2a8ac6204ffff,33
8a2a8ac65517fff,9
8a2a8ac613a7fff,5
8a2a8ac61117fff,9
8a2a8ad4a60ffff,4
8a2a8ac61a57fff,-1
8a2a8ac6610ffff,15
8a2a8ac6c84ffff,0
8a2a8ad4a94ffff,3
8a2a8ac6340ffff,5
8a2a8ac659a7fff,-1
8a2a8ac6491ffff,34
8a2a8ad4b42ffff,-1
8a2a8ac6cb67fff,0
8a2a8ac64947fff,7
8a2a8ad4a9b7fff,8
8a2a8ac63a97fff,5
8a2a8a893797fff,0
8a2a8ad4a14ffff,5
8a2a8a89280ffff,7
8a2a8ad4b28ffff,-1
8a2a8ac6311ffff,3
8a2a8ad4b717fff,35
8a2a8ac603a7fff,-1
8a2a8ad4a30ffff,3
8a2a8ac61d67fff,9
8a2a8ac63137fff,4
8a2a8ac62d5ffff,4
8a2a8ac60acffff,9
8a2a8ac66247fff,4
8a2a8ac6528ffff,9
8a2a8ac6076ffff,-1
8a2a8ad484c7fff,7
8a2a8ac65a4ffff,7
8a2a8ac64697fff,7
8a2a8ad59b07fff,3
8a2a8ad4a12ffff,5
8a2a8ac64157fff,11
8a2a8ad4bc8ffff,-1
8a2a8ac642b7fff,-1
8a2a8ad4a50ffff,2
8a2a8ad592d7fff,-1
8a2a8ac66ad7fff,15
8a2a8ac60677fff,-1
8a2a8ac656affff,9
8a2a8ac65597fff,9
8a2a8ad5d267fff,3
8a2a8ac60a4ffff,9
8a2a8ac6131ffff,5
8a2a8ac6caeffff,-1
8a2a8ad484a7fff,7
8a2a8ad4e78ffff,3
8a2a8ac646e7fff,5
8a2a8a892c37fff,-1
8a2a8ad4bc0ffff,-1
8a2a8ac65ac7fff,-1
8a2a8ac6c047fff,16
8a2a8ac6625ffff,4
8a2a8ac63d17fff,18
8a2a8a8924f7fff,0
8a2a8ac6384ffff,5
8a2a8ac65417fff,9
8a2a8ac66c2ffff,3
8a2a8ac62cf7fff,4
8a2a8ac65bb7fff,-1
8a2a8ac64d5ffff,-1
8a2a8ac60c9ffff,3
8a2a8a8923b7fff,-1
8a2a8ac646d7fff,3
8a2a8ac60ca7fff,3
8a2a8ac6c727fff,-1
8a2a8ad596f7fff,3
8a2a8ac6479ffff,3
8a2a8a892117fff,-1
8a2a8a8920a7fff,-1
8a2a8ac65267fff,7
8a2a8ac652b7fff,9
8a2a8ad4a447fff,2
8a2a8ac6149ffff,5
8a2a8ad4a947fff,4
8a2a8ad4a887fff,30
8a2a8ac63907fff,24
8a2a8ac65ae7fff,7
8a2a8ac648e7fff,-1
8a2a8ac6070ffff,-1
8a2a8ac62acffff,-1
8a2a8ac6c74ffff,-1
8a2a8ac62347fff,-1
8a2a8ac610e7fff,13
8a2a8ac63c5ffff,18
8a2a8ac62c6ffff,5
8a2a8ad4bcc7fff,7
8a2a8ac6189ffff,9
8a2a8ac652cffff,9
8a2a8ac6510ffff,-1
8a2a8a892daffff,-1
8a2a8ac63d87fff,-1
8a2a8a892287fff,0
8a2a8ac61a87fff,0
8a2a8ad592effff,5
8a2a8a892947fff,3
8a2a8ac64b6ffff,-1
8a2a8ac75b07fff,3
8a2a8ad4b447fff,-1
8a2a8ac65457fff,9
8a2a8ad4ad9ffff,3
8a2a8ac640affff,-1
8a2a8ac66107fff,15
8a2a8ac64d0ffff,5
8a2a8ac60947fff,9
8a2a8ad5b247fff,3
8a2a8ac6541ffff,9
8a2a8ac61127fff,9
8a2a8ac628e7fff,4
8a2a8ac63997fff,24
8a2a8ad4b4cffff,23
8a2a8ad4a507fff,8
8a2a8ac664f7fff,3
8a2a8ad5925ffff,5
8a2a8a89675ffff,3
8a2a8ac60d87fff,-1
8a2a8ad484b7fff,7
8a2a8ac60a8ffff,9
8a2a8ac629b7fff,5
8a2a8ac6cb27fff,0
8a2a8ad4ad57fff,5
8a2a8a89365ffff,0
8a2a8a8922d7fff,0
8a2a8ac667affff,5
8a2a8ac6cc97fff,-1
8a2a8ad4846ffff,7
8a2a8a892c47fff,-1
8a2a8ad4a79ffff,-1
8a2a8a892d2ffff,3
8a2a8ac60d17fff,7
8a2a8ac61cf7fff,9
8a2a8ac6439ffff,7
8a2a8ac6675ffff,5
8a2a8ac65757fff,9
8a2a8ac6024ffff,6
8a2a8ad4b337fff,7
8a2a8ac62a87fff,-1
8a2a8ac62aaffff,14
8a2a8ac6cdb7fff,0
8a2a8ac6115ffff,0
8a2a8ad4aba7fff,7
8a2a8ac642d7fff,31
8a2a8a893657fff,-1
8a2a8ad5b24ffff,3
8a2a8ac654cffff,9
8a2a8ad4b74ffff,3
8a2a8ac608e7fff,9
8a2a8ad4b68ffff,7
8a2a8ac65c37fff,23
8a2a8ac644c7fff,3
8a2a8ac6cb1ffff,0
8a2a8ac608effff,9
8a2a8ac6655ffff,-1
8a2a8ac60457fff,5
8a2a8a89232ffff,7
8a2a8ac6ccb7fff,3
8a2a8ac6476ffff,7
8a2a8a89244ffff,-1
8a2a8ac638d7fff,13
8a2a8ac606a7fff,5
8a2a8ac60667fff,-1
8a2a8ac6509ffff,9
8a2a8ac6054ffff,-1
8a2a8ac64c1ffff,5
8a2a8a892cb7fff,7
8a2a8ac66c37fff,3
8a2a8a893697fff,0
8a2a8ac64b9ffff,11
8a2a8ac60737fff,-1
8a2a8ac61607fff,3
8a2a8ac66757fff,5
8a2a8ac61047fff,13
8a2a8ad4a42ffff,8
8a2a8ad5b35ffff,3
8a2a8ac63197fff,18
8a2a8ac65c67fff,-1
8a2a8ac668affff,-1
8a2a8ac66caffff,3
8a2a8ac6cb07fff,0
8a2a8ad4b8b7fff,8
8a2a8ac64ad7fff,7
8a2a8ac6671ffff,5
8a2a8ac6c11ffff,3
8a2a8ac6135ffff,3
8a2a8ac64987fff,7
8a2a8ac646cffff,7
8a2a8ac65cb7fff,-1
8a2a8ac65397fff,9
8a2a8ac62c5ffff,5
8a2a8ac6456ffff,-1
8a2a8ac603affff,6
8a2a8ac63cdffff,18
8a2a8a893757fff,0
8a2a8ac604affff,5
8a2a8ad4b767fff,-1
8a2a8a89298ffff,22
8a2a8ac63cf7fff,18
8a2a8ad4a58ffff,8
8a2a8ac6620ffff,5
8a2a8a893537fff,3
8a2a8ac63d6ffff,-1
8a2a8ad4ba9ffff,7
8a2a8ad4a06ffff,7
8a2a8ac64af7fff,7
8a2a8a89068ffff,3
8a2a8ad592f7fff,5
8a2a8a892487fff,9
8a2a8ac6098ffff,9
8a2a8ac65b17fff,7
8a2a8ac60127fff,32
8a2a8ac66747fff,5
8a2a8ad48567fff,-1
8a2a8ad4a087fff,1
8a2a8ac64c87fff,4
8a2a8ac64857fff,-1
8a2a8ad4ace7fff,5
8a2a8ac65927fff,-1
8a2a8ac61b9ffff,0
8a2a8ac64c77fff,-1
8a2a8ad4a197fff,4
8a2a8ac66c9ffff,3
8a2a8ac61017fff,13
8a2a8ac62cd7fff,4
8a2a8ac6049ffff,4
8a2a8ac62ae7fff,14
8a2a8ac63867fff,13
8a2a8a892607fff,0
8a2a8ac64b07fff,11
8a2a8ad4e2f7fff,3
8a2a8ac6136ffff,3
8a2a8ac62a8ffff,33
8a2a8ac6cceffff,17
8a2a8ac61d17fff,9
8a2a8ad4b2dffff,-1
8a2a8a89346ffff,0
8a2a8ac6666ffff,5
8a2a8ac60d8ffff,3
8a2a8ac604effff,4
8a2a8ac639affff,24
8a2a8ac648dffff,11
8a2a8ac75b2ffff,-1
8a2a8ac61967fff,9
8a2a8ac611b7fff,9
8a2a8ac6ca2ffff,0
8a2a8ac6cc77fff,3
8a2a8ad48427fff,3
8a2a8ac6005ffff,-1
8a2a8ac6682ffff,4
8a2a8ad4e217fff,8
8a2a8ac6c057fff,-1
8a2a8ac63427fff,7
8a2a8ad4e6cffff,3
8a2a8ac63c57fff,18
8a2a8ac6c81ffff,7
8a2a8ac613affff,5
8a2a8ad4a1a7fff,5
8a2a8ac65a97fff,7
8a2a8ad4e7affff,3
8a2a8ac65097fff,9
8a2a8ac60727fff,-1
8a2a8a896257fff,3
8a2a8a8964effff,-1
8a2a8ac63557fff,-1
8a2a8a892007fff,36
8a2a8ad4b597fff,11
8a2a8ac6ca9ffff,-1
8a2a8a8928e7fff,7
8a2a8a896787fff,-1
8a2a8ad4b297fff,3
8a2a8ac61167fff,0
8a2a8ac62817fff,4
8a2a8a892807fff,7
8a2a8ac64bb7fff,11
8a2a8ad59337fff,3
8a2a8ac61757fff,4
8a2a8a892977fff,3
8a2a8a893477fff,0
8a2a8ac6280ffff,5
8a2a8ac65367fff,7
8a2a8ac66b87fff,3
8a2a8ac61877fff,9
8a2a8ac6cce7fff,17
8a2a8ac630effff,-1
8a2a8ad4b8f7fff,3
8a2a8ac62337fff,-1
8a2a8ad5965ffff,4
8a2a8ac66b0ffff,4
8a2a8a893627fff,0
8a2a8ac6624ffff,-1
8a2a8ad4bc47fff,8
8a2a8ac6000ffff,-1
8a2a8a892b97fff,-1
8a2a8ac64d07fff,25
8a2a8ad4a457fff,2
8a2a8ac6638ffff,-1
8a2a8ac6591ffff,-1
8a2a8ad4aa47fff,7
8a2a8ac647a7fff,5
8a2a8ac6575ffff,9
8a2a8ac60287fff,-1
8a2a8ac63cd7fff,18
8a2a8ac660effff,15
8a2a8ad4a727fff,1
8a2a8ac6c307fff,-1
8a2a8ac65207fff,9
8a2a8ac6205ffff,5
8a2a8ad5b277fff,3
8a2a8ac6c75ffff,-1
8a2a8ad4ab5ffff,7
8a2a8ac6564ffff,9
8a2a8ac6582ffff,-1
8a2a8ad4aa77fff,7
8a2a8ad4b01ffff,3
8a2a8ad4b117fff,3
8a2a8ac6650ffff,4
8a2a8ac610d7fff,13
8a2a8ad4a6b7fff,8
8a2a8ac63977fff,-1
8a2a8ad4a05ffff,15
8a2a8ac65adffff,7
8a2a8a89049ffff,3
8a2a8a89278ffff,0
8a2a8ac62c17fff,5
8a2a8ac6172ffff,13
8a2a8ac62a47fff,13
8a2a8ad4bceffff,3
8a2a8a892ce7fff,27
8a2a8ac6cda7fff,0
8a2a8ad4859ffff,3
8a2a8a892107fff,7
8a2a8a8921b7fff,-1
8a2a8ac60057fff,6
8a2a8ac65897fff,-1
8a2a8ad4b0d7fff,35
8a2a8ad48507fff,-1
8a2a8ad4b71ffff,35
8a2a8ad5904ffff,26
8a2a8ac63117fff,4
8a2a8ac65d1ffff,-1
8a2a8ac66d4ffff,-1
8a2a8ad4a737fff,5
8a2a8ad59b87fff,5
8a2a8ad4a96ffff,3
8a2a8a892caffff,-1
8a2a8ac6c0b7fff,3
8a2a8ad4a8effff,-1
8a2a8ac61a9ffff,-1
8a2a8ac6cc5ffff,3
8a2a8ac64517fff,5
8a2a8ac6629ffff,4
8a2a8ac6cc2ffff,3
8a2a8ac657a7fff,9
8a2a8ad4a88ffff,30
8a2a8ac60c4ffff,32
8a2a8ad5b2dffff,3
8a2a8a893607fff,0
8a2a8ac61857fff,0
8a2a8ad4b60ffff,3
8a2a8a896747fff,7
8a2a8ac648d7fff,11
8a2a8ad4e297fff,3
8a2a8ac66d47fff,-1
8a2a8ac600c7fff,-1
8a2a8ac65b37fff,7
8a2a8ac65a8ffff,7
8a2a8a892337fff,7
8a2a8ac64adffff,-1
8a2a8ac62997fff,4
8a2a8ac6521ffff,9
8a2a8ad4e627fff,3
8a2a8ad4a157fff,5
8a2a8a8936affff,0
8a2a8ac61c17fff,-1
8a2a8ad59b67fff,8
8a2a8ac6015ffff,-1
8a2a8ac66627fff,5
8a2a8ad59077fff,8
8a2a8ac6c707fff,-1
8a2a8ac662e7fff,-1
8a2a8ad4b0affff,3
8a2a8ac646dffff,7
8a2a8ad59667fff,4
8a2a8a89379ffff,0
8a2a8ac65d4ffff,-1
8a2a8ac6645ffff,4
8a2a8ad4ac8ffff,4
8a2a8a8930dffff,0
8a2a8ad4ab57fff,7
8a2a8ac60b4ffff,9
8a2a8ac608a7fff,9
8a2a8a892827fff,3
8a2a8ac6222ffff,-1
8a2a8ac61867fff,9
8a2a8ac60c8ffff,-1
8a2a8ac6430ffff,21
8a2a8ac62bb7fff,4
8a2a8ac60407fff,4
8a2a8a892b9ffff,-1
8a2a8ac66c47fff,3
8a2a8ad4b607fff,20
8a2a8ac61aaffff,0
8a2a8ac65d5ffff,23
8a2a8ad4b407fff,-1
8a2a8a892217fff,7
8a2a8ac6075ffff,-1
8a2a8ac66347fff,4
8a2a8ac62147fff,4
8a2a8ac62c07fff,5
8a2a8ad4a637fff,5
8a2a8ac61267fff,-1
8a2a8ac60837fff,9
8a2a8ac602cffff,-1
8a2a8ad4a747fff,4
8a2a8ad4b6affff,7
8a2a8ad4e20ffff,3
8a2a8ac642e7fff,7
8a2a8ac61737fff,5
8a2a8ac6159ffff,-1
8a2a8ac62a9ffff,-1
8a2a8ac65437fff,9
8a2a8ac6c00ffff,7
8a2a8ad59bb7fff,25
8a2a8ac61a2ffff,0
8a2a8ac6698ffff,4
8a2a8ad4a037fff,5
8a2a8ac61747fff,13
8a2a8a8930c7fff,3
8a2a8ad4b99ffff,-1
8a2a8ad4b497fff,-1
8a2a8ad4b35ffff,7
8a2a8ac63d0ffff,-1
8a2a8ac6c98ffff,0
8a2a8ad59b57fff,4
8a2a8ac75b6ffff,4
8a2a8ac650f7fff,9
8a2a8ac65047fff,23
8a2a8ac60357fff,6
8a2a8ac66a77fff,7
8a2a8ac6116ffff,0
8a2a8ad593affff,-1
8a2a8ac64b4ffff,-1
8a2a8ad4b087fff,7
8a2a8ac63d9ffff,18
8a2a8ad4a69ffff,5
8a2a8ac60a6ffff,9
8a2a8ac66b2ffff,4
8a2a8ad5966ffff,4
8a2a8ac62837fff,4
8a2a8ac60587fff,4
8a2a8ac61b5ffff,0
8a2a8ac6616ffff,15
8a2a8ac64caffff,5
8a2a8ad59307fff,4
8a2a8ad4b757fff,-1
8a2a8ac60517fff,14
8a2a8a892a57fff,3
8a2a8ad485b7fff,4
8a2a8ac648a7fff,-1
8a2a8ac6cd8ffff,-1
8a2a8ac655a7fff,-1
8a2a8ac62007fff,4
8a2a8ad4a24ffff,-1
8a2a8ac65807fff,23
8a2a8a896237fff,3
8a2a8ad59a0ffff,4
8a2a8ac6461ffff,5
8a2a8ad59047fff,26
8a2a8ac63acffff,4
8a2a8ac66097fff,4
8a2a8ad4a6effff,5
8a2a8ac656e7fff,-1
8a2a8ac6046ffff,4
8a2a8a892817fff,22
8a2a8ad59227fff,2
8a2a8ac61b87fff,0
8a2a8ac63817fff,-1
8a2a8ac6c127fff,3
8a2a8a8926a7fff,0
8a2a8ac666affff,5
8a2a8a892307fff,7
8a2a8ac65957fff,-1
8a2a8ac65027fff,-1
8a2a8ac660d7fff,5
8a2a8a8962a7fff,3
8a2a8ac65ce7fff,-1
8a2a8ac63b1ffff,13
8a2a8a89206ffff,7
8a2a8a896277fff,3
8a2a8ad486effff,3
8a2a8ac61d2ffff,9
8a2a8ac61627fff,4
8a2a8ac66aaffff,-1
8a2a8ac6c967fff,0
8a2a8ac6431ffff,-1
8a2a8ac65277fff,7
8a2a8ac6c9b7fff,0
8a2a8ac6ca37fff,0
8a2a8a8928cffff,7
8a2a8ad4e6affff,3
8a2a8ac65607fff,9
8a2a8ad4e257fff,3
8a2a8a890687fff,3
8a2a8a892547fff,-1
8a2a8ad4a517fff,3
8a2a8ad4bd07fff,7
8a2a8ac6444ffff,3
8a2a8ac6554ffff,9
8a2a8ad4bd4ffff,8
8a2a8ac64b67fff,-1
8a2a8ac65a9ffff,7
8a2a8a892237fff,7
8a2a8a892aa7fff,-1
8a2a8ac6395ffff,-1
8a2a8ac640e7fff,11
8a2a8ad4e66ffff,8
8a2a8ac66baffff,3
8a2a8ac60217fff,6
8a2a8ac650e7fff,9
8a2a8ac63107fff,4
8a2a8ac63847fff,13
8a2a8ac6cc27fff,0
8a2a8ac6425ffff,7
8a2a8ad4809ffff,7
8a2a8ad480a7fff,7
8a2a8ac6301ffff,3
8a2a8ac65d87fff,-1
8a2a8ad4865ffff,3
8a2a8ac669affff,5
8a2a8ac6cc37fff,3
8a2a8ac63437fff,7
8a2a8ad5968ffff,3
8a2a8a8966cffff,7
8a2a8a89274ffff,0
8a2a8ac61adffff,-1
8a2a8ac6689ffff,-1
8a2a8ac6096ffff,9
8a2a8a8929b7fff,7
8a2a8ac6134ffff,3
8a2a8ad4b207fff,-1
8a2a8ac60c67fff,-1
8a2a8ac66317fff,25
8a2a8a892d9ffff,7
8a2a8ac6dd0ffff,7
8a2a8a89256ffff,-1
8a2a8ac646effff,7
8a2a8ac65677fff,9
8a2a8ac63af7fff,13
8a2a8ac66277fff,5
8a2a8ad4b22ffff,7
8a2a8ac60ae7fff,9
8a2a8ac6c317fff,0
8a2a8a892627fff,0
8a2a8ad484affff,7
8a2a8ad4bd97fff,7
8a2a8a89254ffff,7
8a2a8ac666c7fff,5
8a2a8a892647fff,-1
8a2a8ad4e657fff,-1
8a2a8ac6061ffff,-1
8a2a8a892d37fff,7
8a2a8a89621ffff,3
8a2a8ac60777fff,-1
8a2a8ac6605ffff,15
8a2a8ac65667fff,9
8a2a8ac66b9ffff,3
8a2a8a89255ffff,-1
8a2a8ac66c17fff,3
8a2a8ac6396ffff,13
8a2a8ad5b297fff,3
8a2a8ac65d37fff,-1
8a2a8ac60117fff,-1
8a2a8ad4a3affff,7
8a2a8ad4b9affff,3
8a2a8ac75b37fff,3
8a2a8ac64117fff,-1
8a2a8ac64ae7fff,7
8a2a8ac6191ffff,9
8a2a8ac66b07fff,5
8a2a8ac61487fff,4
8a2a8a8937b7fff,0
8a2a8a892a6ffff,3
8a2a8a89649ffff,7
8a2a8ac6341ffff,5
8a2a8ac60d1ffff,-1
8a2a8ac64237fff,7
8a2a8ac64547fff,-1
8a2a8ad4b46ffff,-1
8a2a8ac63d27fff,-1
8a2a8ac61d57fff,9
8a2a8ac61887fff,9
8a2a8ad4a8b7fff,-1
8a2a8ac64d6ffff,3
8a2a8ac6636ffff,7
8a2a8ac6526ffff,7
8a2a8ad4b997fff,3
8a2a8ac65847fff,-1
8a2a8ac61c67fff,9
8a2a8ad5b32ffff,3
8a2a8ac6658ffff,3
8a2a8ac614affff,-1
8a2a8ac6630ffff,5
8a2a8ac62cc7fff,4
8a2a8ac6651ffff,3
8a2a8ac6074ffff,-1
8a2a8a8920cffff,-1
8a2a8ad4e31ffff,3
8a2a8ac666f7fff,5
8a2a8ac65b87fff,-1
8a2a8ad4a2affff,7
8a2a8ac60c37fff,3
8a2a8ac61ca7fff,9
8a2a8ad5b2effff,3
8a2a8ac60d07fff,3
8a2a8ac6569ffff,9
8a2a8ac6595ffff,11
8a2a8ac60567fff,-1
8a2a8ad4ab2ffff,7
8a2a8ad59657fff,4
8a2a8ac6680ffff,4
8a2a8ac6cc4ffff,3
8a2a8a89635ffff,3
8a2a8ac6211ffff,4
8a2a8ac642f7fff,-1
8a2a8ac65567fff,9
8a2a8ac61417fff,-1
8a2a8ac6021ffff,6
8a2a8ac66147fff,15
8a2a8ac66327fff,15
8a2a8ac60d47fff,-1
8a2a8ac6150ffff,6
8a2a8ac605affff,4
8a2a8ad48527fff,5
8a2a8ac6c197fff,17
8a2a8ad4a0c7fff,10
8a2a8a896357fff,3
8a2a8ac62367fff,-1
8a2a8a89676ffff,7
8a2a8ac6212ffff,5
8a2a8a8928b7fff,7
8a2a8ac66137fff,-1
8a2a8ad4bacffff,-1
8a2a8ad59617fff,3
8a2a8a892c87fff,7
8a2a8a8924d7fff,0
8a2a8a89668ffff,3
8a2a8a892adffff,7
8a2a8ac65c97fff,-1
8a2a8ac65797fff,9
8a2a8ac6cd6ffff,0
8a2a8ac65467fff,9
8a2a8ac65857fff,-1
8a2a8ac6c017fff,3
8a2a8ac65297fff,9
8a2a8ac6c907fff,0
8a2a8ac60577fff,4
8a2a8ac6c0dffff,0
8a2a8ac61c77fff,9
8a2a8ac66c27fff,3
8a2a8ac60477fff,4
8a2a8ad5935ffff,4
8a2a8ad4b41ffff,-1
8a2a8ac6068ffff,-1
8a2a8ac63da7fff,-1
8a2a8a8922a7fff,0
8a2a8ad590effff,-1
8a2a8ac63ac7fff,14
8a2a8ac63b07fff,5
8a2a8a89666ffff,3
8a2a8ac6669ffff,5
8a2a8ac66477fff,4
8a2a8ad48407fff,7
8a2a8ac618e7fff,0
8a2a8ac75927fff,3
8a2a8ad59327fff,4
8a2a8ac638f7fff,13
8a2a8ad4ac57fff,5
8a2a8ac60437fff,4
8a2a8ac6052ffff,4
8a2a8ad4e6c7fff,3
8a2a8ac602c7fff,6
8a2a8ac60897fff,32
8a2a8ac6028ffff,-1
8a2a8ac6cd67fff,0
8a2a8a89308ffff,3
8a2a8ad5922ffff,5
8a2a8ad48497fff,7
8a2a8ad4a007fff,5
8a2a8ad59a4ffff,4
8a2a8ac63a5ffff,-1
8a2a8ac6cd57fff,0
8a2a8ac66ceffff,-1
8a2a8ac60a07fff,-1
8a2a8ac6496ffff,21
8a2a8ac6dd1ffff,3
8a2a8ac6170ffff,13
8a2a8ad4b75ffff,3
8a2a8ac65907fff,-1
8a2a8ac61c1ffff,9
8a2a8ad4b357fff,7
8a2a8ac61137fff,-1
8a2a8ac6cd0ffff,0
8a2a8ac65887fff,-1
8a2a8ac65a57fff,7
8a2a8ad4a2c7fff,-1
8a2a8ad486c7fff,7
8a2a8ac6ca77fff,0
8a2a8ad4aa37fff,7
8a2a8ad48447fff,7
8a2a8ad5b387fff,3
8a2a8ac64b57fff,-1
8a2a8ad4a2effff,-1
8a2a8a89345ffff,0
8a2a8ac60427fff,14
8a2a8ad4b06ffff,7
8a2a8ad4b6dffff,3
8a2a8ac655affff,9
8a2a8ac666d7fff,5
8a2a8ad4b657fff,3
8a2a8ad4b66ffff,3
8a2a8ac63d8ffff,18
8a2a8ac622effff,18
8a2a8ac6530ffff,7
8a2a8a89361ffff,19
8a2a8a896757fff,3
8a2a8ac66a67fff,7
8a2a8ac6cb47fff,0
8a2a8ad5928ffff,-1
8a2a8ad59b77fff,3
8a2a8ac61157fff,-1
8a2a8ac610effff,13
8a2a8ac64767fff,7
8a2a8ad4a55ffff,8
8a2a8ac60a77fff,9
8a2a8ac642affff,-1
8a2a8ac66127fff,15
8a2a8ad484d7fff,7
8a2a8ac666b7fff,4
8a2a8ac602f7fff,6
8a2a8ad4a717fff,5
8a2a8ac652f7fff,-1
8a2a8ac6112ffff,6
8a2a8ad592c7fff,-1
8a2a8ad4b20ffff,29
8a2a8ad4adb7fff,3
8a2a8ad4adaffff,4
8a2a8a892657fff,0
8a2a8ad4ac1ffff,5
8a2a8ac63507fff,-1
8a2a8ad48737fff,7
8a2a8ad4b637fff,-1
8a2a8ac6c9affff,-1
8a2a8ac66b77fff,3
8a2a8ad4a04ffff,7
8a2a8ac6642ffff,3
8a2a8ac66817fff,-1
8a2a8ac61cdffff,6
8a2a8ac6cc6ffff,3
8a2a8ac63db7fff,-1
8a2a8ac6130ffff,4
8a2a8ad4a687fff,5
8a2a8ad4878ffff,7
8a2a8ac600b7fff,-1
8a2a8ac6c117fff,3
8a2a8ac6cadffff,-1
8a2a8ad5d247fff,3
8a2a8ad4a297fff,7
8a2a8a892a5ffff,3
8a2a8ac66907fff,5
8a2a8ad4ada7fff,3
8a2a8ac64827fff,21
8a2a8ad4aca7fff,4
8a2a8ac6426ffff,9
8a2a8ac60b1ffff,9
8a2a8ad4b397fff,7
8a2a8ac65407fff,9
8a2a8ac6c1affff,3
8a2a8a893637fff,0
8a2a8a8963a7fff,3
8a2a8ad4a067fff,-1
8a2a8ad484e7fff,7
8a2a8ad4a8dffff,5
8a2a8ac61507fff,6
8a2a8ac6c1b7fff,3
8a2a8ad4e207fff,3
8a2a8ac62a0ffff,5
8a2a8a893767fff,0
8a2a8ac644dffff,3
8a2a8ac60a47fff,9
8a2a8ac65817fff,-1
8a2a8ac61a0ffff,-1
8a2a8ad4b00ffff,-1
8a2a8ac6230ffff,-1
8a2a8ad596dffff,3
8a2a8ac6316ffff,13
8a2a8ac65707fff,9
8a2a8ad4acf7fff,4
8a2a8ad4a207fff,7
8a2a8ad5b337fff,3
8a2a8ad4a967fff,4
8a2a8ad4b2f7fff,-1
8a2a8ac60877fff,9
8a2a8a892c5ffff,-1
8a2a8ac66c5ffff,-1
8a2a8ac6cd97fff,-1
8a2a8ac6502ffff,-1
8a2a8a893457fff,0
8a2a8ad4a0e7fff,10
8a2a8ac65827fff,-1
8a2a8ac652dffff,9
8a2a8ac666a7fff,4
8a2a8ad4a907fff,2
8a2a8ad4b047fff,3
8a2a8ac64aa7fff,11
8a2a8ad4a377fff,3
8a2a8ad4aa87fff,21
8a2a8a8934e7fff,0
8a2a8ad4bc07fff,11
8a2a8a892db7fff,7
8a2a8ac662effff,14
8a2a8a89369ffff,0
8a2a8ac6cae7fff,-1
8a2a8ac60cdffff,-1
8a2a8ac6292ffff,4
8a2a8ac64787fff,4
8a2a8ac6c837fff,0
8a2a8ac6c387fff,-1
8a2a8ac60207fff,6
8a2a8ac62b37fff,4
8a2a8ac65b67fff,-1
8a2a8a89216ffff,-1
8a2a8ac63c1ffff,18
8a2a8ad592cffff,2
8a2a8ac66797fff,3
8a2a8a89669ffff,-1
8a2a8ad4bdb7fff,7
8a2a8ad4b187fff,3
8a2a8ac63517fff,18
8a2a8ac6232ffff,-1
8a2a8ad4b747fff,20
8a2a8a8929a7fff,7
8a2a8ad4ac07fff,5
8a2a8ac64447fff,15
8a2a8ac65767fff,9
8a2a8ad4b0b7fff,7
8a2a8ac614effff,13
8a2a8ad4b487fff,-1
8a2a8a892c2ffff,-1
8a2a8ac61ce7fff,9
8a2a8a89640ffff,7
8a2a8ac629affff,4
8a2a8ad4b237fff,29
8a2a8ac62187fff,5
8a2a8a892587fff,-1
8a2a8ac6dda7fff,-1
8a2a8ac6c0affff,3
8a2a8ad4a987fff,-1
8a2a8ac652c7fff,9
8a2a8ac66a4ffff,7
8a2a8ac6472ffff,26
8a2a8ad4a327fff,3
8a2a8ad4a01ffff,5
8a2a8ac63c9ffff,18
8a2a8ac61af7fff,0
8a2a8ac600affff,-1
8a2a8ac64287fff,31
8a2a8ac62b4ffff,14
8a2a8ac60b67fff,9
8a2a8a896517fff,7
8a2a8ac6060ffff,7
8a2a8a892187fff,-1
8a2a8a8921a7fff,27
8a2a8ac640f7fff,11
8a2a8ac66b67fff,3
8a2a8ac668effff,4
8a2a8a896677fff,3
8a2a8ad596b7fff,3
8a2a8ac64d4ffff,7
8a2a8ac60347fff,9
8a2a8ac6662ffff,-1
8a2a8ac66c4ffff,15
8a2a8ad59207fff,-1
8a2a8ac66227fff,5
8a2a8ac6c30ffff,3
8a2a8a892597fff,-1
8a2a8ac6555ffff,9
8a2a8ac6626ffff,-1
8a2a8ac615affff,6
8a2a8ac62a07fff,4
8a2a8ac64607fff,4
8a2a8ad4818ffff,7
8a2a8ac66cb7fff,3
8a2a8ac6571ffff,9
8a2a8a893597fff,0
8a2a8a893687fff,0
8a2a8ac61377fff,4
8a2a8ac651affff,9
8a2a8ac65d07fff,7
8a2a8ad4a957fff,4
8a2a8ac65937fff,23
8a2a8a89679ffff,-1
8a2a8ad4e2e7fff,3
8a2a8ac62a77fff,13
8a2a8ac6c0e7fff,3
8a2a8ad4a617fff,5
8a2a8ac64a47fff,23
8a2a8ad59b27fff,15
8a2a8ac6086ffff,9
8a2a8ac63c87fff,18
8a2a8ac6314ffff,5
8a2a8a8924b7fff,9
8a2a8ac6648ffff,3
8a2a8ad5b2d7fff,3
8a2a8a892797fff,0
8a2a8ac64367fff,-1
8a2a8ad4a25ffff,-1
8a2a8ad4b8a7fff,3
8a2a8ac6dd07fff,-1
8a2a8ac63b27fff,5
8a2a8a892157fff,7
8a2a8ad59b6ffff,8
8a2a8ac66c8ffff,3
8a2a8ac60327fff,9
8a2a8ad4acaffff,4
8a2a8ac66897fff,-1
8a2a8a892037fff,36
8a2a8ac6422ffff,7
8a2a8a8920effff,-1
8a2a8ac602b7fff,-1
8a2a8ac6c867fff,0
8a2a8ad596c7fff,3
8a2a8ac64907fff,7
8a2a8ac60047fff,6
8a2a8ac6cc67fff,7
8a2a8ac64c6ffff,-1
8a2a8ac63aaffff,13
8a2a8ac60b57fff,9
8a2a8ac6556ffff,9
8a2a8a8934a7fff,0
8a2a8ac60a17fff,9
8a2a8ad4bab7fff,3
8a2a8ac64a0ffff,23
8a2a8ac606d7fff,-1
8a2a8ac600cffff,6
8a2a8ad4e757fff,3
8a2a8ac6485ffff,11
8a2a8ac6411ffff,-1
8a2a8ac60a1ffff,9
8a2a8ad4a3a7fff,7
8a2a8ac6dd8ffff,-1
8a2a8ac611a7fff,9
8a2a8ad4e2c7fff,-1
8a2a8ac63a8ffff,13
8a2a8ac60997fff,7
8a2a8ac62807fff,4
8a2a8ac628effff,4
8a2a8a8930d7fff,0
8a2a8ad4b457fff,-1
8a2a8ac667a7fff,5
8a2a8ad4b61ffff,7
8a2a8a892327fff,7
8a2a8ad59a5ffff,5
8a2a8ac6cb37fff,0
8a2a8ac6c70ffff,0
8a2a8ac63127fff,5
8a2a8ac66917fff,5
8a2a8ac6cbaffff,0
8a2a8ac61687fff,3
8a2a8ac618c7fff,0
8a2a8ad59a27fff,3
8a2a8ac60d5ffff,-1
8a2a8ac65c5ffff,9
8a2a8a8962f7fff,3
8a2a8ac63b8ffff,13
8a2a8ac62027fff,4
8a2a8ac66aa7fff,15
8a2a8ad4b567fff,7
8a2a8a892137fff,7
8a2a8ad4b31ffff,7
8a2a8ad4b2d7fff,-1
8a2a8ac65327fff,7
8a2a8ac65647fff,9
8a2a8ad4a2e7fff,-1
8a2a8ad4bc37fff,11
8a2a8ac65c47fff,-1
8a2a8ad4849ffff,7
8a2a8ac601a7fff,-1
8a2a8a8966affff,3
8a2a8ad4ac77fff,5
8a2a8ad4b29ffff,-1
8a2a8ac60b97fff,9
8a2a8a892397fff,0
8a2a8ad596effff,3
8a2a8ad4b4b7fff,-1
8a2a8ac640dffff,-1
8a2a8ac639b7fff,24
8a2a8ac65d17fff,-1
8a2a8ac6ca4ffff,0
8a2a8ac63177fff,5
8a2a8a896437fff,7
8a2a8ac658f7fff,23
8a2a8ac66177fff,15
8a2a8ac6310ffff,4
8a2a8ad4ac87fff,4
8a2a8ac6c0effff,-1
8a2a8ad5975ffff,4
8a2a8ac6475ffff,-1
8a2a8ac6518ffff,9
8a2a8ac6409ffff,3
8a2a8ad4b347fff,11
8a2a8ac62137fff,5
8a2a8a8926affff,0
8a2a8ad4a0f7fff,5
8a2a8ac65d0ffff,7
8a2a8ad4ab97fff,-1
8a2a8ac6489ffff,34
8a2a8a8966a7fff,-1
8a2a8ac64327fff,7
8a2a8ac6c767fff,0
8a2a8ac6162ffff,4
8a2a8ac6381ffff,5
8a2a8ac631a7fff,18
8a2a8ad5b767fff,3
8a2a8ac65c0ffff,-1
8a2a8ac6694ffff,26
8a2a8ac66b97fff,3
8a2a8ac661b7fff,-1
8a2a8ad4a75ffff,4
8a2a8ad48cdffff,5
8a2a8ac62c0ffff,4
8a2a8ac6c147fff,7
8a2a8ac6482ffff,3
8a2a8a8966f7fff,3
8a2a8a892d87fff,-1
8a2a8ac65ccffff,9
8a2a8a89658ffff,7
8a2a8ac64d67fff,4
8a2a8ac63957fff,24
8a2a8ac6588ffff,-1
8a2a8ad4b777fff,-1
8a2a8a89205ffff,-1
8a2a8ac61987fff,9
8a2a8ac64a1ffff,-1
8a2a8ac62037fff,4
8a2a8a893587fff,0
8a2a8ac6caf7fff,-1
8a2a8a893517fff,3
8a2a8ac62d07fff,5
8a2a8ac63327fff,13
8a2a8a892b8ffff,22
8a2a8ac63b9ffff,13
8a2a8ac638e7fff,5
8a2a8ac64537fff,5
8a2a8a896637fff,3
8a2a8ac644cffff,3
8a2a8ac60b27fff,9
8a2a8ac6141ffff,-1
8a2a8a89665ffff,7
8a2a8ac6c3a7fff,16
8a2a8ad4a6f7fff,4
8a2a8ac628dffff,4
8a2a8ac64317fff,7
8a2a8ad4a2f7fff,-1
8a2a8ac6c877fff,0
8a2a8ac656b7fff,9
8a2a8ac60adffff,9
8a2a8ac6659ffff,3
8a2a8ac638cffff,13
8a2a8ac62a2ffff,4
8a2a8ac62b97fff,5
8a2a8ac65c77fff,-1
8a2a8ac6030ffff,6
8a2a8ad5b207fff,3
8a2a8ac61a5ffff,0
8a2a8ac6180ffff,0
8a2a8ac65b0ffff,7
8a2a8ac61517fff,6
8a2a8ad4e68ffff,3
8a2a8ac62957fff,14
8a2a8ac6059ffff,14
8a2a8ac60c2ffff,3
8a2a8ac66a17fff,3
8a2a8ad4bc87fff,-1
8a2a8ac604dffff,5
8a2a8a892ca7fff,-1
8a2a8ac60687fff,5
8a2a8ac64d97fff,4
8a2a8ac6450ffff,5
8a2a8ac64c57fff,-1
8a2a8a89348ffff,0
8a2a8ac6056ffff,-1
8a2a8ac65a37fff,7
8a2a8ac64687fff,7
8a2a8ac61b6ffff,0
8a2a8a89631ffff,-1
8a2a8ac64d77fff,5
8a2a8ac650affff,9
8a2a8ac66667fff,5
8a2a8ac61447fff,13
8a2a8ad4bc57fff,8
8a2a8a89359ffff,0
8a2a8a8966effff,7
8a2a8ac60b87fff,9
8a2a8ac6420ffff,7
8a2a8a896c9ffff,-1
8a2a8ad4b2effff,-1
8a2a8ac61a67fff,0
8a2a8ac66af7fff,-1
8a2a8ac6628ffff,4
8a2a8ac64cb7fff,4
8a2a8ac662a7fff,5
8a2a8ac61407fff,-1
8a2a8a892957fff,3
8a2a8ac61697fff,3
8a2a8ad59a47fff,5
8a2a8ac60c6ffff,32
8a2a8ac62117fff,5
8a2a8ad4a827fff,-1
8a2a8ac6445ffff,3
8a2a8ac64797fff,3
8a2a8ac6066ffff,24
8a2a8ac6565ffff,9
8a2a8ac60177fff,9
8a2a8ad4a08ffff,1
8a2a8ac63a2ffff,5
8a2a8ac61ad7fff,-1
8a2a8ad4bd47fff,8
8a2a8ac63cb7fff,18
8a2a8ac66547fff,-1
8a2a8ac61a4ffff,0
8a2a8ac6c0d7fff,3
8a2a8ac66ab7fff,15
8a2a8ac6c8affff,0
8a2a8a8926e7fff,0
8a2a8a89372ffff,0
8a2a8ac64717fff,5
8a2a8ad4a317fff,3
8a2a8ac6174ffff,-1
8a2a8a892c6ffff,7
8a2a8a89250ffff,-1
8a2a8ac6c957fff,0
8a2a8ac63adffff,-1
8a2a8a8962e7fff,3
8a2a8ac6089ffff,32
8a2a8ac6640ffff,-1
8a2a8ac66b47fff,3
8a2a8ac65167fff,-1
8a2a8a89221ffff,7
8a2a8a89362ffff,0
8a2a8ad4b70ffff,35
8a2a8ad4b377fff,11
8a2a8a893417fff,0
8a2a8ad4b9a7fff,3
8a2a8ad4a4dffff,8
8a2a8ac63d97fff,-1
8a2a8ac66b6ffff,3
8a2a8ac6171ffff,14
8a2a8ac611affff,9
8a2a8ac65537fff,9
8a2a8ad4a6c7fff,-1
8a2a8ac64487fff,5
8a2a8ac6c847fff,0
8a2a8ac65d6ffff,-1
8a2a8ac6090ffff,-1
8a2a8ad4a167fff,5
8a2a8ac6681ffff,-1
8a2a8ad59a07fff,3
8a2a8ac6156ffff,4
8a2a8ad5b267fff,3
8a2a8a8967affff,-1
8a2a8ac63937fff,24
8a2a8ad4b24ffff,7
8a2a8ac66cdffff,3
8a2a8ad4a337fff,3
8a2a8ad5b28ffff,3
8a2a8ac642dffff,31
8a2a8ac64a57fff,-1
8a2a8ad4a10ffff,5
8a2a8ac6c8f7fff,-1
8a2a8a892a1ffff,7
8a2a8ac601affff,-1
8a2a8ac606cffff,24
8a2a8ac62c67fff,5
8a2a8ac66017fff,15
8a2a8ac602dffff,-1
8a2a8ac60987fff,9
8a2a8ac630c7fff,3
8a2a8ac65a07fff,7
8a2a8ac6452ffff,5
8a2a8ac61a27fff,0
8a2a8ad59b2ffff,3
8a2a8ac658effff,-1
8a2a8ac6ddb7fff,-1
8a2a8a8920c7fff,-1
8a2a8a89341ffff,0
8a2a8ad4aae7fff,3
8a2a8ad5b25ffff,3
8a2a8ac640d7fff,8
8a2a8a892a87fff,-1
8a2a8ac66307fff,25
8a2a8ac606effff,24
8a2a8ad59ab7fff,4
8a2a8ad486a7fff,7
8a2a8a896587fff,7
8a2a8ac61d77fff,9
8a2a8ac63b2ffff,13
8a2a8ad4a237fff,7
8a2a8a892ab7fff,-1
8a2a8ac60467fff,14
8a2a8ad4a09ffff,4
8a2a8ac6186ffff,0
8a2a8ac617b7fff,13
8a2a8ac607b7fff,5
8a2a8ac6c8b7fff,0
8a2a8ac62a27fff,4
8a2a8ad4b79ffff,23
8a2a8ac6dd87fff,-1
8a2a8ac61d87fff,9
8a2a8ac65c57fff,-1
8a2a8ac64227fff,7
8a2a8ad4ad8ffff,4
8a2a8ac652d7fff,9
8a2a8ac63a17fff,13
8a2a8a892c8ffff,-1
8a2a8ac654b7fff,9
8a2a8a893437fff,0
8a2a8ac61147fff,0
8a2a8a892d0ffff,7
8a2a8ad4bccffff,7
8a2a8a89645ffff,-1
8a2a8ad4ab77fff,7
8a2a8ac66217fff,-1
8a2a8ac64d37fff,5
8a2a8a89368ffff,0
8a2a8ac640a7fff,-1
8a2a8a893557fff,0
8a2a8ac6c817fff,0
8a2a8a892177fff,-1
8a2a8a8927a7fff,0
8a2a8ac620a7fff,4
8a2a8ac6ca97fff,16
8a2a8ac60b07fff,9
8a2a8ad4a31ffff,3
8a2a8ac6c90ffff,0
8a2a8a89354ffff,0
8a2a8a896697fff,7
8a2a8ac6388ffff,13
8a2a8ac6501ffff,9
8a2a8ac6668ffff,5
8a2a8ad4a077fff,10
8a2a8ac654dffff,9
8a2a8ad596d7fff,3
8a2a8ac65da7fff,-1
8a2a8ad4ac0ffff,5
8a2a8ac6218ffff,4
8a2a8ac62ceffff,-1
8a2a8ad4b257fff,7
8a2a8ac6432ffff,7
8a2a8ad5b3affff,3
8a2a8ad4bd8ffff,7
8a2a8ac60867fff,9
8a2a8ad4b287fff,3
8a2a8ac66a1ffff,-1
8a2a8ac6c76ffff,0
8a2a8a892c67fff,-1
8a2a8ac616f7fff,4
8a2a8ac6176ffff,13
8a2a8ac61a97fff,0
8a2a8ad4b137fff,8
8a2a8ad59a57fff,5
8a2a8ac66ce7fff,-1
8a2a8ac64127fff,11
8a2a8ac64b1ffff,11
8a2a8a8962b7fff,3
8a2a8ad484dffff,7
8a2a8ac608c7fff,9
8a2a8ac63b6ffff,5
8a2a8ad4b5b7fff,11
8a2a8a896627fff,3
8a2a8ac60d37fff,7
8a2a8ac602d7fff,-1
8a2a8ac614dffff,13
8a2a8ac61057fff,13
8a2a8ac60b47fff,9
8a2a8ac65a47fff,-1
8a2a8ac64427fff,5
8a2a8a893747fff,0
8a2a8a896427fff,7
8a2a8ac6c2a7fff,-1
8a2a8ad4a4e7fff,8
8a2a8ac631b7fff,18
8a2a8ac621b7fff,-1
8a2a8ac656a7fff,9
8a2a8ac6c12ffff,3
8a2a8ad4b627fff,-1
8a2a8ad4844ffff,7
8a2a8ad486f7fff,3
8a2a8ac6082ffff,9
8a2a8ac60907fff,-1
8a2a8ad4bdaffff,7
8a2a8a896307fff,3
8a2a8ad4e6a7fff,3
8a2a8ac648b7fff,21
8a2a8ad4aa2ffff,7
8a2a8ad4b7b7fff,-1
8a2a8ad4e747fff,3
8a2a8ad4e607fff,3
8a2a8ac6474ffff,-1
8a2a8ac66877fff,4
8a2a8ad5b39ffff,3
8a2a8ad4b50ffff,-1
8a2a8ad4a32ffff,3
8a2a8ac66267fff,5
8a2a8ac65217fff,-1
8a2a8ad4b617fff,21
8a2a8ad4b2cffff,29
8a2a8a8966b7fff,7
8a2a8ac614d7fff,5
8a2a8ac6298ffff,4
8a2a8ad4a0effff,15
8a2a8ac61717fff,13
8a2a8ac668d7fff,4
8a2a8ac64b2ffff,-1
8a2a8ad4855ffff,7
8a2a8a89202ffff,-1
8a2a8ad59697fff,3
8a2a8ad484f7fff,7
8a2a8ad48587fff,4
8a2a8ac65127fff,23
8a2a8ad4a51ffff,3
8a2a8ac66707fff,5
8a2a8a8936f7fff,19
8a2a8ac6035ffff,6
8a2a8ac64c37fff,-1
8a2a8a892067fff,7
8a2a8ac63bb7fff,13
8a2a8ac60807fff,9
8a2a8ac64c9ffff,4
8a2a8ad4ab07fff,7
8a2a8ac63c77fff,18
8a2a8ac61097fff,13
8a2a8ad4ad07fff,3
8a2a8ac607a7fff,5
8a2a8ac62827fff,5
8a2a8ac6235ffff,-1
8a2a8a8920dffff,0
8a2a8ac656dffff,9
8a2a8ac61187fff,-1
8a2a8a89301ffff,3
8a2a8ac64627fff,5
8a2a8ac65947fff,11
8a2a8ac65977fff,-1
8a2a8ac654c7fff,-1
8a2a8a892aaffff,22
8a2a8ac6690ffff,5
8a2a8ac64887fff,21
8a2a8a89069ffff,3
8a2a8ac6632ffff,25
8a2a8ac6524ffff,3
8a2a8ac652e7fff,-1
8a2a8ad4b6effff,20
8a2a8a89342ffff,0
8a2a8ad4a347fff,-1
8a2a8ad5924ffff,5
8a2a8ac6dd27fff,0
8a2a8ac60747fff,-1
8a2a8ac64577fff,-1
8a2a8ac63967fff,6
8a2a8ad4b18ffff,3
8a2a8ac6428ffff,31
8a2a8ad4a107fff,5
8a2a8ad4a76ffff,7
8a2a8ac60387fff,6
8a2a8ad4b0f7fff,-1
8a2a8ac66437fff,3
8a2a8ad4852ffff,5
8a2a8a8966c7fff,7
8a2a8ac628a7fff,4
8a2a8a892847fff,3
8a2a8ac6470ffff,26
8a2a8a8964affff,3
8a2a8ac63927fff,24
8a2a8a893427fff,3
8a2a8ad4a0affff,5
8a2a8ac61597fff,-1
8a2a8a8966e7fff,20
8a2a8ac6646ffff,4
8a2a8a8905b7fff,3
8a2a8ac63b5ffff,4
8a2a8ad4bc9ffff,7
8a2a8ad4a257fff,-1
8a2a8ac6018ffff,-1
8a2a8ac61baffff,0
8a2a8ad4b10ffff,3
8a2a8ad4b30ffff,-1
8a2a8a8924dffff,0
8a2a8ac61907fff,9
8a2a8ad4bd9ffff,7
8a2a8ad4b59ffff,11
8a2a8ad4e61ffff,3
8a2a8ad593a7fff,-1
8a2a8ac61437fff,6
8a2a8ac6615ffff,15
8a2a8ad5b217fff,3
8a2a8ac6548ffff,9
8a2a8ad5b357fff,3
8a2a8ac66377fff,4
8a2a8ac6065ffff,24
8a2a8ad4ab4ffff,-1
8a2a8ac6c337fff,0
8a2a8ad4ad2ffff,3
8a2a8ac662b7fff,5
8a2a8ac6cb0ffff,0
8a2a8ac60297fff,24
8a2a8ac60aeffff,-1
8a2a8ad5b38ffff,3
8a2a8ac65547fff,9
8a2a8ad4a49ffff,15
8a2a8ac62caffff,5
8a2a8ac623a7fff,5
8a2a8ac61397fff,5
8a2a8a892867fff,3
8a2a8ac62967fff,-1
8a2a8a8934b7fff,0
8a2a8ad4a28ffff,7
8a2a8ac644d7fff,4
8a2a8ad4e2cffff,4
8a2a8ac63d4ffff,3
8a2a8ac6590ffff,-1
8a2a8a89215ffff,7
8a2a8ac65557fff,9
8a2a8ac65ad7fff,7
8a2a8ad4e6f7fff,3
8a2a8ac644effff,3
8a2a8ac61347fff,3
8a2a8ac6c96ffff,0
8a2a8ac66a9ffff,15
8a2a8ad4b3b7fff,7
8a2a8ac65387fff,-1
8a2a8ac65187fff,9
8a2a8ac6ccc7fff,17
8a2a8ac602affff,6
8a2a8a89246ffff,-1
8a2a8a892cf7fff,-1
8a2a8ad59387fff,4
8a2a8a89279ffff,0
8a2a8ad4b0cffff,-1
8a2a8ac616e7fff,4
8a2a8ac6cb2ffff,0
8a2a8ac62937fff,4
8a2a8ac64d27fff,4
8a2a8ac65577fff,9
8a2a8ac65a17fff,7
8a2a8ac6538ffff,-1
8a2a8ac65717fff,9
8a2a8ac62927fff,4
8a2a8ad5da5ffff,3
8a2a8a892837fff,22
8a2a8ad4b537fff,-1
8a2a8ac6606ffff,15
8a2a8a892467fff,7
8a2a8ac60c97fff,3
8a2a8ac6085ffff,9
8a2a8ad4a8affff,30
8a2a8a892c1ffff,-1
8a2a8ac64db7fff,4
8a2a8ac60ceffff,3
8a2a8ac64597fff,2
8a2a8ac6cb6ffff,0
8a2a8ac6c947fff,0
8a2a8ac63c27fff,-1
8a2a8ad4a227fff,3
8a2a8ac60187fff,-1
8a2a8a892197fff,-1
8a2a8ac609affff,9
8a2a8ac61617fff,3
8a2a8a8936c7fff,-1
8a2a8ac66657fff,5
8a2a8ac614cffff,13
8a2a8ac63b47fff,13
8a2a8ac6019ffff,-1
8a2a8ac6695ffff,2
8a2a8ac6441ffff,5
8a2a8ac65c07fff,-1
8a2a8ad4a81ffff,-1
8a2a8ac61677fff,3
8a2a8ac6cd9ffff,-1
8a2a8ac60db7fff,3
8a2a8a892637fff,0
8a2a8ac65b97fff,-1
8a2a8ac65a0ffff,7
8a2a8ac6406ffff,-1
8a2a8ac63017fff,-1
8a2a8ac60927fff,-1
8a2a8ac6099ffff,-1
8a2a8a8935b7fff,16
8a2a8ad5b307fff,3
8a2a8ad4b4e7fff,-1
8a2a8ac75b0ffff,3
8a2a8ac60397fff,6
8a2a8ac64147fff,11
8a2a8ac6576ffff,9
8a2a8ac662c7fff,-1
8a2a8ac6c72ffff,-1
8a2a8ac6495ffff,7
8a2a8ac6558ffff,9
8a2a8ac75b67fff,3
8a2a8ad4b72ffff,35
8a2a8ac614b7fff,5
8a2a8a893777fff,0
8a2a8a892687fff,0
8a2a8ac66117fff,15
8a2a8ad4a82ffff,-1
8a2a8ad4868ffff,7
8a2a8ac6398ffff,-1
8a2a8a8927b7fff,0
8a2a8a896327fff,3
8a2a8ad4a437fff,8
8a2a8a8920f7fff,-1
8a2a8ad4a54ffff,8
8a2a8ad4a817fff,-1
8a2a8ac6178ffff,4
8a2a8ad4b667fff,3
8a2a8ac635a7fff,-1
8a2a8ac60a57fff,9
8a2a8ac65487fff,9
8a2a8ac62b8ffff,4
8a2a8ac63407fff,7
8a2a8ac62567fff,4
8a2a8a892047fff,7
8a2a8ac64297fff,31
8a2a8ac66827fff,5
8a2a8ac60007fff,-1
8a2a8a89291ffff,3
8a2a8ac62317fff,33
8a2a8a892d1ffff,7
8a2a8a8920e7fff,-1
8a2a8ad4b45ffff,-1
8a2a8ad4e22ffff,3
8a2a8ac62b9ffff,5
8a2a8ad4b367fff,11
8a2a8ac647b7fff,3
8a2a8ac66027fff,15
8a2a8a892af7fff,22
8a2a8ac665b7fff,3
8a2a8ad4b277fff,7
8a2a8ac60067fff,-1
8a2a8ac60ba7fff,9
8a2a8a896d9ffff,-1
8a2a8ac659b7fff,20
8a2a8ad4ad37fff,3
8a2a8ad4a80ffff,7
8a2a8ac66857fff,4
8a2a8ac60b0ffff,9
8a2a8ad4b317fff,7
8a2a8a892aeffff,7
8a2a8a892c4ffff,36
8a2a8ac66297fff,5
8a2a8ac63daffff,18
8a2a8a896227fff,3
8a2a8a892527fff,7
8a2a8ad4a677fff,4
8a2a8ac6c977fff,0
8a2a8ac642effff,7
8a2a8ac64657fff,-1
8a2a8ac64a4ffff,23
8a2a8ac60197fff,-1
8a2a8ac64257fff,7
8a2a8ac66a2ffff,7
8a2a8ac608b7fff,3
8a2a8ad4a1affff,5
8a2a8ac64877fff,21
8a2a8ac75b77fff,-1
8a2a8ac60537fff,-1
8a2a8ac60b9ffff,9
8a2a8ad4a65ffff,5
8a2a8ad4a047fff,34
8a2a8ad59b17fff,-1
8a2a8ac60337fff,9
8a2a8ac64247fff,7
8a2a8a893717fff,0
8a2a8ac6529ffff,9
8a2a8ac66d2ffff,15
8a2a8ad4a45ffff,4
8a2a8ac6289ffff,5
8a2a8ac65877fff,-1
8a2a8a89268ffff,0
8a2a8ac64c5ffff,5
8a2a8a890597fff,3
8a2a8ac6546ffff,9
8a2a8ac66ac7fff,-1
8a2a8ac6436ffff,11
8a2a8ad4a977fff,-1
8a2a8ad4aa8ffff,20
8a2a8ac6042ffff,14
8a2a8ac64307fff,21
8a2a8ac6011ffff,-1
8a2a8ad485a7fff,4
8a2a8ad59237fff,-1
8a2a8ac6c18ffff,3
8a2a8ac66087fff,-1
8a2a8a89628ffff,3
8a2a8a892937fff,3
8a2a8a89340ffff,0
8a2a8ad4a29ffff,7
8a2a8ad4e2affff,3
8a2a8ad4ab67fff,7
8a2a8a89295ffff,3
8a2a8ac6c857fff,0
8a2a8ac660b7fff,-1
8a2a8ac66d57fff,15
8a2a8ac6079ffff,14
8a2a8ad4a0b7fff,4
8a2a8ac663affff,5
8a2a8ac66937fff,5
8a2a8ac63a9ffff,4
8a2a8ac60307fff,9
8a2a8ac61a1ffff,0
8a2a8ac60707fff,-1
8a2a8ad4e227fff,3
8a2a8ac6072ffff,-1
8a2a8ad5b21ffff,3
8a2a8a892da7fff,7
8a2a8ac63027fff,3
8a2a8ac644affff,-1
8a2a8ad4a7a7fff,5
8a2a8a89275ffff,0
8a2a8ad5929ffff,5
8a2a8ac64867fff,-1
8a2a8ad4848ffff,7
8a2a8ad4e6e7fff,3
8a2a8ac62017fff,4
8a2a8ad4b19ffff,3
8a2a8ad4ab0ffff,7
8a2a8ac64207fff,7
8a2a8ac6492ffff,7
8a2a8ad4b3affff,7
8a2a8ac64997fff,3
8a2a8ac75967fff,3
8a2a8ad4e237fff,8
8a2a8ac64acffff,-1
8a2a8ac63807fff,-1
8a2a8ad4abb7fff,-1
8a2a8a892667fff,7
8a2a8ac6cd4ffff,0
8a2a8ac65037fff,9
8a2a8ad4aa4ffff,7
8a2a8ac65587fff,9
8a2a8ac6464ffff,-1
8a2a8ac61337fff,5
8a2a8ac61957fff,9
8a2a8ac628cffff,4
8a2a8a8926c7fff,0
8a2a8a8920b7fff,7
8a2a8a892457fff,7
8a2a8ac6579ffff,9
8a2a8ac63ca7fff,18
8a2a8ac6281ffff,4
8a2a8a8964b7fff,7
8a2a8ad4a217fff,7
8a2a8ad4a147fff,5
8a2a8a8965b7fff,11
8a2a8ad5ba67fff,3
8a2a8ac61c07fff,9
8a2a8ad480b7fff,7
8a2a8ac64037fff,8
8a2a8ac61797fff,13
8a2a8a89208ffff,-1
8a2a8ac6214ffff,-1
8a2a8ac6190ffff,9
8a2a8ac66467fff,4
8a2a8ac6389ffff,4
8a2a8ac656effff,9
8a2a8ad4b0a7fff,3
8a2a8ac63ba7fff,5
8a2a8ad4a19ffff,4
8a2a8ac662cffff,14
8a2a8ac628d7fff,5
8a2a8ad4b8d7fff,8
8a2a8ac66a47fff,7
8a2a8ac6c827fff,0
8a2a8ac6036ffff,9
8a2a8ac6081ffff,9
8a2a8a896417fff,3
8a2a8ac6385ffff,13
8a2a8ac63917fff,24
8a2a8ac60d4ffff,3
8a2a8ac65447fff,9
8a2a8ac63887fff,5
8a2a8ac6600ffff,15
8a2a8ad4a537fff,3
8a2a8ad4a22ffff,-1
8a2a8ac63067fff,4
8a2a8ac665a7fff,3
8a2a8a8928effff,7
8a2a8ac64da7fff,25
8a2a8ac6442ffff,5
8a2a8ac6cd27fff,0
8a2a8ac6dd17fff,3
8a2a8ac613b7fff,5
8a2a8a8930f7fff,3
8a2a8ac66067fff,15
8a2a8ac6415ffff,-1
8a2a8ac64aaffff,7
8a2a8a89262ffff,0
8a2a8ad5914ffff,-1
8a2a8a89061ffff,3
8a2a8ac641a7fff,8
8a2a8ad4bc4ffff,3
8a2a8ac66677fff,5
8a2a8ac668a7fff,4
8a2a8ac60487fff,5
8a2a8ac61817fff,9
8a2a8ac6022ffff,6
8a2a8a8927affff,0
8a2a8ad4b4c7fff,-1
8a2a8ac64cf7fff,5
8a2a8ad4a00ffff,10
8a2a8ac64017fff,8
8a2a8ac61a17fff,0
8a2a8ac61367fff,3
8a2a8ad4841ffff,7
8a2a8ad4b34ffff,7
8a2a8ac6459ffff,4
8a2a8ac64467fff,-1
8a2a8ac62357fff,-1
8a2a8ac6c3b7fff,0
8a2a8ad5b3b7fff,3
8a2a8ac66d5ffff,15
8a2a8ad484effff,7
8a2a8a892a67fff,3
8a2a8ac6c39ffff,0
8a2a8ad4e2dffff,3
8a2a8ac65867fff,-1
8a2a8ac668cffff,4
8a2a8ac6435ffff,7
8a2a8ac61107fff,9
8a2a8ac64197fff,8
8a2a8a89249ffff,0
8a2a8ac6c807fff,0
8a2a8ac66527fff,3
8a2a8ac6635ffff,5
8a2a8a892c0ffff,27
8a2a8ac61cd7fff,6
8a2a8ac75b47fff,-1
8a2a8ac63c6ffff,4
8a2a8ac6040ffff,4
8a2a8ac64757fff,4
8a2a8ac6006ffff,9
8a2a8ac649a7fff,-1
8a2a8a89230ffff,-1
8a2a8ac6071ffff,7
8a2a8ad4a41ffff,12
8a2a8ad5969ffff,3
8a2a8ac6478ffff,4
8a2a8ad59367fff,5
8a2a8a892ceffff,27
8a2a8ac60247fff,6
8a2a8ad487b7fff,7
8a2a8ac62d57fff,4
8a2a8ac64087fff,3
8a2a8ac664e7fff,4
8a2a8ac664cffff,4
8a2a8ac66927fff,5
8a2a8ac61b1ffff,0
8a2a8ac62847fff,4
8a2a8ac6cb4ffff,0
8a2a8ac60757fff,21
8a2a8a892257fff,7
8a2a8ad4b6cffff,3
8a2a8ac66ba7fff,4
8a2a8ac6cc1ffff,3
8a2a8ad4a267fff,7
8a2a8ac64a2ffff,-1
8a2a8ac6438ffff,7
8a2a8ac6434ffff,-1
8a2a8ac66ccffff,-1
8a2a8ac64347fff,-1
8a2a8a8928d7fff,7
8a2a8ac65cc7fff,9
8a2a8ac6cac7fff,-1
8a2a8ac65af7fff,-1
8a2a8ac6c927fff,0
8a2a8ac618effff,0
8a2a8ac6592ffff,-1
8a2a8ad4b6b7fff,23
8a2a8ac64097fff,-1
8a2a8ad4b057fff,-1
8a2a8ad596affff,3
8a2a8ad4b4f7fff,-1
8a2a8ac61357fff,4
8a2a8ac61947fff,9
8a2a8a8926cffff,0
8a2a8a896407fff,7
8a2a8a8921affff,36
8a2a8ac6519ffff,9
8a2a8ad4b6f7fff,7
8a2a8ac62547fff,4
8a2a8ad4a897fff,5
8a2a8ac6dd9ffff,7
8a2a8ac6622ffff,5
8a2a8ac654f7fff,-1
8a2a8ac63987fff,24
8a2a8ac66237fff,5
8a2a8ac61b47fff,0
8a2a8ac65347fff,7
8a2a8ac64c47fff,-1
8a2a8a89241ffff,-1
8a2a8ac62c77fff,4
8a2a8ad59adffff,4
8a2a8ac62157fff,4
8a2a8ac65287fff,9
8a2a8ac62047fff,33
8a2a8ac66727fff,-1
8a2a8ad4b89ffff,-1
8a2a8ac6ca87fff,-1
8a2a8ad4bcaffff,11
8a2a8ac62ab7fff,4
8a2a8ac65a6ffff,7
8a2a8ac6380ffff,-1
8a2a8ac6412ffff,11
8a2a8ac6612ffff,25
8a2a8ac63a87fff,13
8a2a8ac6599ffff,-1
8a2a8ac655b7fff,7
8a2a8a89259ffff,-1
8a2a8a89355ffff,0
8a2a8ac61c47fff,9
8a2a8ad590cffff,4
8a2a8ac60a0ffff,9
8a2a8ad4b307fff,7
8a2a8a8924cffff,0
8a2a8ac60c87fff,7
8a2a8ac614c7fff,13
8a2a8ac6285ffff,4
8a2a8ac63477fff,5
8a2a8ac60ccffff,-1
8a2a8ad48437fff,3
8a2a8a890497fff,3
8a2a8ac60c1ffff,3
8a2a8a89378ffff,0
8a2a8a896667fff,3
8a2a8ad4ab1ffff,7
8a2a8ac64357fff,-1
8a2a8ac64d2ffff,4
8a2a8ad5b2affff,3
8a2a8a892747fff,0
8a2a8ad5b26ffff,3
8a2a8ac65aa7fff,7
8a2a8ad4ba8ffff,7
8a2a8ad4b5affff,11
8a2a8ac64007fff,11
8a2a8ac610b7fff,13
8a2a8ac6545ffff,9
8a2a8ac63a1ffff,13
8a2a8ac65227fff,-1
8a2a8ad4e6d7fff,3
8a2a8ad4ad4ffff,5
8a2a8ac64a6ffff,-1
8a2a8ac64c8ffff,5
8a2a8ad4e2b7fff,3
8a2a8ac63a6ffff,3
8a2a8ac610cffff,5
8a2a8ac6c917fff,-1
8a2a8ac604a7fff,14
8a2a8ad4aad7fff,3
8a2a8ad4b26ffff,3
8a2a8ac648cffff,11
8a2a8ad4a99ffff,30
8a2a8ac6448ffff,5
8a2a8ad4a787fff,5
8a2a8ad48477fff,7
8a2a8ac62a1ffff,14
8a2a8ac64aeffff,-1
8a2a8ad4a8c7fff,5
8a2a8ac65617fff,9
8a2a8ac617affff,14
8a2a8ac61727fff,13
8a2a8ac6062ffff,7
8a2a8ad4acd7fff,2
8a2a8ac60cc7fff,3
8a2a8ac646b7fff,7
8a2a8ad4b08ffff,-1
8a2a8ad5b0cffff,3
8a2a8ac66367fff,3
8a2a8a89350ffff,3
8a2a8ac6002ffff,-1
8a2a8ac604f7fff,5
8a2a8ac6080ffff,9
8a2a8ac6c21ffff,0
8a2a8ac6c007fff,7
8a2a8ac6350ffff,-1
8a2a8ac63a47fff,4
8a2a8ac6cb5ffff,0
8a2a8ad4e26ffff,4
8a2a8a892d27fff,-1
8a2a8ac65cdffff,9
8a2a8ac6188ffff,0
8a2a8ad4b2c7fff,-1
8a2a8ad59b1ffff,3
8a2a8a896767fff,3
8a2a8ad4a6e7fff,5
8a2a8ac6539ffff,9
8a2a8ac60a67fff,9
8a2a8a892207fff,7
8a2a8a896657fff,3
8a2a8ac6454ffff,-1
8a2a8ac60227fff,6
8a2a8ac62d67fff,4
8a2a8ad4b6c7fff,7
8a2a8ac652a7fff,-1
8a2a8ac6058ffff,5
8a2a8ac61b77fff,0
8a2a8ac6451ffff,5
8a2a8ac6608ffff,-1
8a2a8ac6cd1ffff,0
8a2a8ad4b037fff,3
8a2a8ac6c8effff,16
8a2a8ac669b7fff,3
8a2a8ac61d1ffff,-1
8a2a8ac6446ffff,3
8a2a8ad4bc2ffff,11
8a2a8a892ad7fff,7
8a2a8ac660affff,15
8a2a8ac6465ffff,-1
8a2a8ac62ba7fff,4
8a2a8ac6455ffff,-1
8a2a8a893497fff,0
8a2a8ac653affff,23
8a2a8ac60d0ffff,3
8a2a8ac600a7fff,-1
8a2a8ac65b27fff,28
8a2a8ad4a937fff,-1
8a2a8ac60d6ffff,21
8a2a8ac6094ffff,9
8a2a8ac6226ffff,-1
8a2a8ac6390ffff,-1
8a2a8ac66cc7fff,-1
8a2a8a892387fff,-1
8a2a8ac64937fff,7
8a2a8ac6c94ffff,0
8a2a8ac65967fff,29
8a2a8ac6c99ffff,0
8a2a8ac6c747fff,0
8a2a8ac650b7fff,9
8a2a8a8962cffff,3
8a2a8ac6604ffff,15
8a2a8a896497fff,7
8a2a8ac66397fff,4
8a2a8ac6c937fff,7
8a2a8a8920d7fff,0
8a2a8ad4b76ffff,7
8a2a8ad4b167fff,3
8a2a8ac61b0ffff,0
8a2a8a8964c7fff,28
8a2a8a8925affff,-1
8a2a8a89630ffff,3
8a2a8a892227fff,-1
8a2a8ac6c227fff,-1
8a2a8ad4a4d7fff,12
8a2a8ac65747fff,9
8a2a8ad5d24ffff,3
8a2a8ac6cd37fff,0
8a2a8ac66b37fff,5
8a2a8a893707fff,0
8a2a8ac664affff,3
8a2a8ac62aeffff,5
8a2a8ac61307fff,5
8a2a8ac6c19ffff,3
8a2a8ad592a7fff,5
8a2a8ad4ba87fff,-1
8a2a8ac6692ffff,5
8a2a8ac61c6ffff,9
8a2a8ad4a4f7fff,12
8a2a8ac660f7fff,25
8a2a8ac6419ffff,8
8a2a8ac6206ffff,33
8a2a8ad4e247fff,4
8a2a8a8964f7fff,3
8a2a8ac65317fff,23
8a2a8a89296ffff,3
8a2a8ac6cd07fff,0
8a2a8ac6091ffff,9
8a2a8ac60daffff,3
8a2a8ac64b87fff,11
8a2a8ac65ca7fff,-1
8a2a8ac650d7fff,9
8a2a8ac661affff,15
8a2a8ac63417fff,-1
8a2a8ac66c87fff,3
8a2a8ac63187fff,18
8a2a8a892077fff,-1
8a2a8a8926f7fff,0
8a2a8ad5934ffff,-1
8a2a8ac602effff,-1
8a2a8ac63b67fff,13
8a2a8ac649affff,7
8a2a8ac66a57fff,21
8a2a8ad4aac7fff,3
8a2a8ad48787fff,7
8a2a8ac64527fff,5
8a2a8ac6674ffff,5
8a2a8ac61177fff,-1
8a2a8a89639ffff,3
8a2a8ac63ab7fff,13
8a2a8a89248ffff,0
8a2a8ac63c17fff,18
8a2a8ad5921ffff,5
8a2a8ad48647fff,3
8a2a8ac6549ffff,9
8a2a8a8934affff,0
8a2a8ac64847fff,-1
8a2a8a89276ffff,0
8a2a8ac6cdaffff,0
8a2a8ac6466ffff,-1
8a2a8ad4a36ffff,-1
8a2a8ac6175ffff,-1
8a2a8ac61b67fff,0
8a2a8ad59b9ffff,4
8a2a8ac64ba7fff,11
8a2a8ac63d07fff,-1
8a2a8ac66c97fff,3
8a2a8ad4ac37fff,5
8a2a8a892a47fff,3
8a2a8ac64b0ffff,11
8a2a8a8928f7fff,7
8a2a8ac606e7fff,24
8a2a8ad4b6a7fff,-1
8a2a8ac650dffff,9
8a2a8ad4b54ffff,-1
8a2a8ac60d57fff,3
8a2a8ac64747fff,-1
8a2a8a89288ffff,7
8a2a8ad4850ffff,4
8a2a8a89200ffff,-1
8a2a8ac60c77fff,-1
8a2a8ad4b9b7fff,7
8a2a8a8962c7fff,3
8a2a8ac62067fff,-1
8a2a8ad4a137fff,5
8a2a8ac60507fff,-1
8a2a8ad4bd0ffff,-1
8a2a8ac612b7fff,14
8a2a8ac61827fff,9
8a2a8ac60647fff,24
8a2a8ad5962ffff,4
8a2a8ac62a67fff,13
8a2a8a89632ffff,3
8a2a8ac629a7fff,5
8a2a8ac61b07fff,0
8a2a8ac64167fff,11
8a2a8ad4ad27fff,3
8a2a8ad4a7b7fff,5
8a2a8a89212ffff,7
8a2a8ad4a467fff,8
8a2a8ac62227fff,-1
8a2a8a8964cffff,-1
8a2a8ac61c27fff,9
8a2a8ac6551ffff,9
8a2a8ad4a56ffff,4
8a2a8ad592b7fff,4
8a2a8a896c87fff,3
8a2a8a892c9ffff,7
8a2a8ac640effff,-1
8a2a8a896537fff,7
8a2a8ad59377fff,5
8a2a8ad4a807fff,-1
8a2a8a89651ffff,7
8a2a8ad480affff,7
8a2a8ac60967fff,-1
8a2a8ad4a657fff,4
8a2a8a8934c7fff,0
8a2a8ac66357fff,5
8a2a8ad4a097fff,3
8a2a8a8922effff,7
8a2a8ac60637fff,-1
8a2a8ac64217fff,7
8a2a8a896287fff,3
8a2a8ad4b7affff,-1
8a2a8ad486dffff,-1
8a2a8ac63d5ffff,-1
8a2a8ac66a07fff,7
8a2a8ad4accffff,4
8a2a8ad4ba97fff,3
8a2a8ac63ceffff,18
8a2a8ac658dffff,23
8a2a8ad4aa5ffff,7
8a2a8ac6416ffff,11
8a2a8ac610affff,5
8a2a8ac643b7fff,7
8a2a8ac6540ffff,9
8a2a8a892d07fff,7
8a2a8ac6531ffff,-1
8a2a8ac61c97fff,6
8a2a8ac65b2ffff,28
8a2a8ad4e617fff,3
8a2a8ac61847fff,0
8a2a8ac6686ffff,5
8a2a8a892907fff,3
8a2a8ac618dffff,3
8a2a8ac6199ffff,9
8a2a8ac65b57fff,7
8a2a8ac608affff,9
8a2a8ac6088ffff,9
8a2a8ac61ba7fff,0
8a2a8ac65a2ffff,7
8a2a8ac61787fff,13
8a2a8ac64967fff,21
8a2a8ad59767fff,4
8a2a8ac64417fff,5
8a2a8ac64457fff,3
8a2a8ac606b7fff,5
8a2a8ac64067fff,11
8a2a8ad4bd1ffff,7
8a2a8ad4a797fff,-1
8a2a8ad4a4effff,2
8a2a8ac60377fff,9
8a2a8ac61b97fff,0
8a2a8ad4ad67fff,4
8a2a8a892777fff,0
8a2a8a892d67fff,7
8a2a8ac628c7fff,4
8a2a8ac61da7fff,9
8a2a8ad4b39ffff,7
8a2a8a892097fff,7
8a2a8ac63caffff,18
8a2a8ac61c9ffff,6
8a2a8ac66a37fff,3
8a2a8ac6c097fff,17
8a2a8ac6256ffff,4
8a2a8ac642a7fff,7
8a2a8ad48417fff,7
8a2a8ac628b7fff,5
8a2a8ac62057fff,5
8a2a8ad5961ffff,3
8a2a8a892497fff,9
8a2a8ac60107fff,32
8a2a8ac6014ffff,9
8a2a8ad593b7fff,4
8a2a8ac623affff,5
8a2a8ad4b4d7fff,-1
8a2a8ad4b007fff,3
8a2a8a892c77fff,-1
8a2a8a893467fff,0
8a2a8ad5b2cffff,3
8a2a8ad4ad17fff,4
8a2a8ad4acdffff,4
8a2a8ad4a21ffff,7
8a2a8a8936b7fff,0
8a2a8ac6574ffff,9
8a2a8ac65a77fff,7
8a2a8ac6601ffff,15
8a2a8ac6139ffff,4
8a2a8ac63877fff,-1
8a2a8ac6618ffff,15
8a2a8a89210ffff,7
8a2a8ad4a407fff,8
8a2a8ac6619ffff,15
8a2a8ad4b36ffff,11
8a2a8ac64267fff,-1
8a2a8ad4b897fff,8
8a2a8ad59677fff,4
8a2a8ac6679ffff,4
8a2a8ac658a7fff,-1
8a2a8ac62197fff,4
8a2a8ad4bd5ffff,8
8a2a8ad4ac2ffff,5
8a2a8ad4e647fff,3
8a2a8ad48197fff,-1
8a2a8ac6542ffff,9
8a2a8ac61317fff,5
8a2a8ac60797fff,14
8a2a8ac66d77fff,-1
8a2a8ac61d27fff,9
8a2a8ac63857fff,13
8a2a8ac619affff,9
8a2a8ac64a97fff,-1
8a2a8ad4a5affff,3
8a2a8a89261ffff,0
8a2a8ad4b8dffff,3
8a2a8ac65c17fff,-1
8a2a8ac663b7fff,25
8a2a8ad4b127fff,8
8a2a8a892a8ffff,7
8a2a8ac65acffff,7
8a2a8ad4acb7fff,3
8a2a8a896377fff,3
8a2a8a8929affff,7
8a2a8a89272ffff,0
8a2a8ad4bcd7fff,-1
8a2a8ac654a7fff,9
8a2a8ad4ac67fff,5
8a2a8ac6234ffff,18
8a2a8ac62267fff,-1
8a2a8ad4a4cffff,-1
8a2a8ac66637fff,5
8a2a8ac61917fff,9
8a2a8a892577fff,-1
8a2a8ac61d4ffff,9
8a2a8ac62a17fff,4
8a2a8ad4b987fff,3
8a2a8ad4851ffff,-1
8a2a8ac6c187fff,3
8a2a8ad4a35ffff,-1
8a2a8ac6286ffff,-1
8a2a8ac6cb17fff,0
8a2a8ad4b727fff,-1
8a2a8ac63d37fff,-1
8a2a8ac658affff,-1
8a2a8ac64cd7fff,5
8a2a8ad59b5ffff,2
8a2a8ac606affff,-1
8a2a8ac66a87fff,15
8a2a8ac62277fff,-1
8a2a8ac615b7fff,6
8a2a8ac6424ffff,-1
8a2a8ac63a67fff,4
8a2a8ac614a7fff,-1
8a2a8ac60d77fff,-1
8a2a8ac60367fff,9
8a2a8ad4aaf7fff,20
8a2a8ad4b12ffff,8
8a2a8ad59af7fff,5
8a2a8ac66407fff,-1
8a2a8ac6536ffff,7
8a2a8ad4e667fff,3
8a2a8ad4840ffff,7
8a2a8ac61d97fff,-1
8a2a8ac6302ffff,3
8a2a8ac60b8ffff,9
8a2a8ad4a307fff,3
8a2a8ac61837fff,9
8a2a8ad5976ffff,4
8a2a8ad4b4effff,23
8a2a8ac66517fff,3
8a2a8ad4aacffff,3
8a2a8ac6c757fff,0
8a2a8ac61c57fff,9
8a2a8ac65507fff,9
8a2a8ad4a9affff,3
8a2a8ad4a92ffff,4
8a2a8ad59397fff,4
8a2a8ac645affff,5
8a2a8ac66787fff,4
8a2a8ad4b49ffff,11
8a2a8a89271ffff,0
8a2a8ac62cdffff,4
8a2a8ad487a7fff,7
8a2a8ac65c8ffff,-1
8a2a8ac6dd37fff,0
8a2a8ac652affff,-1
8a2a8ac6225ffff,18
8a2a8ad4b787fff,23
8a2a8ad5b76ffff,3
8a2a8a892cc7fff,-1
8a2a8ad5b29ffff,3
8a2a8ad4b2a7fff,7
8a2a8ac6010ffff,32
8a2a8ac616affff,3
8a2a8ac6688ffff,-1
8a2a8ac63c37fff,18
8a2a8ac628affff,4
8a2a8ad4bd2ffff,7
8a2a8ac63d47fff,-1
8a2a8a8926b7fff,0
8a2a8ac6460ffff,4
8a2a8ac6288ffff,5
8a2a8ac6224ffff,18
8a2a8ac61067fff,-1
8a2a8ad4b1b7fff,3
8a2a8ad5926ffff,4
8a2a8ad59a37fff,3
8a2a8ac66607fff,4
8a2a8ac6611ffff,15
8a2a8ac658e7fff,-1
8a2a8ac644f7fff,-1
8a2a8ac66947fff,2
8a2a8ac6c887fff,0
8a2a8ac6656ffff,-1
8a2a8ac62d77fff,4
8a2a8ad59aaffff,4
8a2a8ac63ae7fff,5
8a2a8ac605a7fff,4
8a2a8ac6c217fff,-1
8a2a8ad4bd67fff,8
8a2a8a893527fff,3
8a2a8ac66a97fff,15
8a2a8ad4a9a7fff,8
8a2a8ac6641ffff,3
8a2a8ad5b36ffff,3
8a2a8a893cdffff,3
8a2a8ac62b5ffff,4
8a2a8ac66577fff,4
8a2a8ad4ac97fff,3
8a2a8ac663a7fff,25
8a2a8ac61b4ffff,0
8a2a8ac643affff,7
8a2a8ac62d27fff,5
8a2a8ac6c10ffff,7
8a2a8ad4a027fff,5
8a2a8ac60ce7fff,-1
8a2a8ac64ccffff,8
8a2a8ac618d7fff,0
8a2a8ac608d7fff,9
8a2a8ac61b2ffff,0
8a2a8ac6cc9ffff,3
8a2a8ac658c7fff,-1
8a2a8ac61b17fff,0
8a2a8ac6ca27fff,0
8a2a8ac64b5ffff,-1
8a2a8ad5ba6ffff,3
8a2a8ac662affff,5
8a2a8ac61a77fff,0
8a2a8ac66cd7fff,3
8a2a8ad4b8affff,3
8a2a8ad4a387fff,-1
8a2a8a896507fff,7
8a2a8a892857fff,3
8a2a8a8967a7fff,29
8a2a8a8966d7fff,3
8a2a8ac63a37fff,13
8a2a8ad4b0dffff,35
8a2a8ac638a7fff,-1
8a2a8ac6ca8ffff,-1
8a2a8ac64507fff,5
8a2a8ac66447fff,4
8a2a8ac6cd47fff,0
8a2a8ad4e65ffff,8
8a2a8ac6c237fff,-1
8a2a8ac66c6ffff,3
8a2a8ad5938ffff,-1
8a2a8ac64d9ffff,5
8a2a8ac61a47fff,0
8a2a8ad4b327fff,7
8a2a8ad59267fff,4
8a2a8ad4aa1ffff,7
8a2a8a892057fff,-1
8a2a8ac6498ffff,7
8a2a8ac62a6ffff,5
8a2a8ac61527fff,6
8a2a8a8964e7fff,-1
8a2a8ac63d1ffff,-1
8a2a8ac64057fff,11
8a2a8ac6dd2ffff,7
8a2a8a892877fff,3
8a2a8ad4a6affff,5
8a2a8ac6550ffff,9
8a2a8ac64617fff,4
8a2a8a893577fff,0
8a2a8ac60a37fff,9
8a2a8ac60817fff,9
8a2a8ac65527fff,9
8a2a8ac604e7fff,4
8a2a8a89258ffff,-1
8a2a8a892697fff,0
8a2a8ac6194ffff,9
8a2a8ac63537fff,18
8a2a8ac62d0ffff,5
8a2a8ac6c327fff,-1
8a2a8ad4a547fff,8
8a2a8ac6cacffff,-1
8a2a8a89641ffff,3
8a2a8ac62baffff,4
8a2a8a896647fff,3
8a2a8ac61b37fff,0
8a2a8ac6561ffff,9
8a2a8ac6ca6ffff,0
8a2a8ac6c05ffff,16
8a2a8a8924affff,-1
8a2a8ad59297fff,4
8a2a8ad4aa07fff,-1
8a2a8ac66647fff,5
8a2a8ac6029ffff,24
8a2a8ac6210ffff,4
8a2a8ad4bc27fff,11
8a2a8ad4a367fff,3
8a2a8ac616b7fff,4
8a2a8ac60baffff,9
8a2a8ac64ac7fff,-1
8a2a8ac60697fff,5
8a2a8ac61ccffff,9
8a2a8ad4a917fff,-1
8a2a8ac65737fff,9
8a2a8ac6511ffff,-1
8a2a8a892767fff,0
8a2a8ac6cbb7fff,0
8a2a8ac63d67fff,-1
8a2a8ac61537fff,6
8a2a8ad4bad7fff,11
8a2a8ac6ccf7fff,17
8a2a8ad4bc77fff,8
8a2a8ad4b65ffff,-1
8a2a8ad4a98ffff,-1
8a2a8ac63c07fff,-1
8a2a8ad4badffff,11
8a2a8ac60b37fff,9
8a2a8a892317fff,7
8a2a8a892cd7fff,-1
8a2a8ac65aaffff,-1
8a2a8ad4e25ffff,4
8a2a8a892737fff,-1
8a2a8ac65727fff,9
8a2a8ac6111ffff,9
8a2a8ad4a11ffff,-1
8a2a8ac658b7fff,-1
8a2a8ac64b37fff,11
8a2a8ac62897fff,5
8a2a8ac65697fff,9
8a2a8a892537fff,7
8a2a8ac60da7fff,7
8a2a8ad4b48ffff,-1
8a2a8ad5930ffff,4
8a2a8ac61457fff,13
8a2a8ad4ad1ffff,4
8a2a8a89371ffff,0
8a2a8ac60847fff,9
8a2a8ac6560ffff,9
8a2a8ad4aceffff,5
8a2a8ac64677fff,-1
8a2a8ad4ad97fff,3
8a2a8ac60787fff,4
8a2a8ac61a6ffff,0
8a2a8ac64817fff,-1
8a2a8ad59347fff,5
8a2a8ad5b317fff,3
8a2a8ad4e6effff,8
8a2a8a8926effff,0
8a2a8ad4e287fff,3
8a2a8ac62237fff,-1
8a2a8a89660ffff,7
8a2a8ad4871ffff,7
8a2a8a8965a7fff,7
8a2a8ad4b227fff,-1
8a2a8a8934effff,0
8a2a8ac60cf7fff,-1
8a2a8a892297fff,0
8a2a8ac65a87fff,7
8a2a8ac66c77fff,3
8a2a8ac600dffff,6
8a2a8ac62c1ffff,5
8a2a8ad4e24ffff,5
8a2a8ad4ac5ffff,5
8a2a8ac61937fff,9
8a2a8ac6201ffff,4
8a2a8ac661a7fff,15
8a2a8ac63b57fff,13
8a2a8ac649b7fff,5
8a2a8ac65c87fff,-1
8a2a8ac6644ffff,-1
8a2a8ac6c997fff,0
8a2a8ac65aeffff,-1
8a2a8ad4a777fff,4
8a2a8a89349ffff,0
8a2a8ac60ab7fff,9
8a2a8ac61997fff,9
8a2a8ac65307fff,7
8a2a8ad4b98ffff,3
8a2a8a892b37fff,3
8a2a8ad4a64ffff,7
8a2a8ad4bd37fff,7
8a2a8ac61767fff,5
8a2a8ad4ab27fff,7
8a2a8ac630b7fff,-1
8a2a8ac6c32ffff,-1
8a2a8ac600f7fff,-1
8a2a8ac646c7fff,7
8a2a8ac61087fff,5
8a2a8ac643a7fff,7
8a2a8ac66c1ffff,3
8a2a8a892427fff,7
8a2a8ac66977fff,2
8a2a8ad4ab37fff,7
8a2a8ac64957fff,21
8a2a8ad4e2effff,4
8a2a8ac6382ffff,-1
8a2a8ac65d47fff,-1
8a2a8ac61567fff,3
8a2a8a8962affff,3
8a2a8ad4b25ffff,11
8a2a8ad4b55ffff,-1
8a2a8ac62887fff,5
8a2a8ac6195ffff,9
8a2a8ac6064ffff,24
8a2a8ac63547fff,18
8a2a8a89220ffff,7
8a2a8a89282ffff,3
8a2a8ad4bd27fff,7
8a2a8ac600e7fff,6
8a2a8ac6cc57fff,3
8a2a8ac60447fff,4
8a2a8ac6cd77fff,0
8a2a8ad4b507fff,-1
8a2a8ac60097fff,-1
8a2a8ad4aa27fff,7
8a2a8a892a9ffff,7
8a2a8ac60cb7fff,3
8a2a8a890697fff,3
8a2a8ac6356ffff,-1
8a2a8ac6160ffff,3
8a2a8ad59a6ffff,5
8a2a8a896717fff,-1
8a2a8ac65657fff,9
8a2a8ac60b17fff,9
8a2a8ac64a67fff,-1
8a2a8ac6318ffff,-1
8a2a8a89629ffff,3
8a2a8ac608dffff,9
8a2a8ac6c01ffff,-1
8a2a8ac658d7fff,-1
8a2a8ac60caffff,-1
8a2a8ac63037fff,3
8a2a8ac66737fff,4
8a2a8ac638affff,-1
8a2a8a89251ffff,-1
8a2a8a893447fff,0
8a2a8ac66967fff,8
8a2a8ac6490ffff,21
8a2a8ad5b397fff,3
8a2a8ac64107fff,7
8a2a8ac60d9ffff,3
8a2a8ad4ad47fff,5
8a2a8ac6161ffff,4
8a2a8ac63c4ffff,3
8a2a8a896607fff,3
8a2a8ac63c67fff,3
8a2a8ac6095ffff,9
8a2a8ad4a3b7fff,15
8a2a8ac65c2ffff,23
8a2a8ac64077fff,11
8a2a8ac63377fff,-1
8a2a8ad4b05ffff,7
8a2a8ad48467fff,7
8a2a8ac6084ffff,9
8a2a8ac62adffff,5
8a2a8ac65b9ffff,29
8a2a8ac66767fff,5
8a2a8a89642ffff,7
8a2a8ad4a2b7fff,7
8a2a8ac6146ffff,5
8a2a8ac6290ffff,4
8a2a8ad48797fff,7
8a2a8ad4a557fff,2
8a2a8ac66b4ffff,7
8a2a8ac6661ffff,4
8a2a8ac654effff,-1
8a2a8a8964d7fff,28
8a2a8ad59a77fff,5
8a2a8ac660dffff,5
8a2a8ac6484ffff,11
8a2a8ac606dffff,-1
8a2a8ac61d37fff,9
8a2a8ad5b20ffff,3
8a2a8ac64567fff,7
8a2a8ac6c037fff,3
8a2a8ac65777fff,9
8a2a8ad4ab17fff,7
8a2a8ac6306ffff,4
8a2a8ac62d2ffff,5
8a2a8ac6108ffff,5
8a2a8ac65497fff,9
8a2a8a892acffff,-1
8a2a8ac61897fff,9
8a2a8a896317fff,3
8a2a8ac6009ffff,-1
8a2a8ac6ca07fff,0
8a2a8a89662ffff,7
8a2a8ac62c57fff,5
8a2a8ac65427fff,9
8a2a8a8937affff,0
8a2a8ac6caaffff,-1
8a2a8ad4a2a7fff,7
8a2a8ac65b07fff,28
8a2a8ad4bd87fff,7
