region_id,Zoning
8a2a8a892d97fff,0
8a2a8a892d97fff,1
8a2a8ac63537fff,15
8a2a8ad4bab7fff,0
8a2a8ac66317fff,15
8a2a8ac63c87fff,15
8a2a8ad4ac17fff,15
8a2a8a89291ffff,0
8a2a8ac60397fff,15
8a2a8ad5b397fff,15
8a2a8ac6301ffff,2
8a2a8a892d6ffff,0
8a2a8ac64917fff,0
8a2a8ad4e6dffff,15
8a2a8ad5985ffff,2
8a2a8ac64737fff,2
8a2a8ac6cd07fff,3
8a2a8ac64427fff,15
8a2a8ad5965ffff,15
8a2a8ac65117fff,4
8a2a8ac65117fff,5
8a2a8a890687fff,1
8a2a8ac6156ffff,15
8a2a8ac6064ffff,2
8a2a8ad4a387fff,0
8a2a8ac6cb17fff,6
8a2a8ac6cb17fff,7
8a2a8ad4a197fff,15
8a2a8ac64aa7fff,0
8a2a8ac64aa7fff,8
8a2a8ad59a87fff,15
8a2a8ac65ae7fff,1
8a2a8ac65ae7fff,0
8a2a8ad485b7fff,15
8a2a8a8962cffff,2
8a2a8ac66577fff,15
8a2a8ac66577fff,9
8a2a8ac65b6ffff,0
8a2a8a8965affff,0
8a2a8ac63b27fff,15
8a2a8ac61567fff,15
8a2a8ac63b2ffff,15
8a2a8a8922b7fff,3
8a2a8a89669ffff,0
8a2a8ac63cd7fff,15
8a2a8ac614effff,15
8a2a8ac6c8affff,3
8a2a8ad5960ffff,15
8a2a8ac66057fff,15
8a2a8ad4b697fff,8
8a2a8ac64247fff,0
8a2a8ac6540ffff,5
8a2a8ac6c2a7fff,3
8a2a8ac65107fff,4
8a2a8ac62c07fff,15
8a2a8ac64a5ffff,2
8a2a8ac64a5ffff,1
8a2a8ac64a5ffff,10
8a2a8ad59327fff,15
8a2a8ad5b357fff,15
8a2a8ac61b5ffff,3
8a2a8ac6191ffff,3
8a2a8ac60b9ffff,5
8a2a8ad4b6e7fff,0
8a2a8ac62b5ffff,15
8a2a8ad4b31ffff,0
8a2a8ad4b31ffff,2
8a2a8ac60287fff,2
8a2a8ac60287fff,15
8a2a8ac65607fff,5
8a2a8ac6382ffff,2
8a2a8ac6382ffff,15
8a2a8ac62d67fff,15
8a2a8ad4b557fff,8
8a2a8ad4b557fff,1
8a2a8ad4b557fff,10
8a2a8ad4b557fff,2
8a2a8ad4b557fff,3
8a2a8ac61237fff,15
8a2a8ad5da5ffff,15
8a2a8a892497fff,3
8a2a8ac62c0ffff,15
8a2a8ad4a99ffff,15
8a2a8ad4a14ffff,0
8a2a8ac628b7fff,15
8a2a8ac6060ffff,2
8a2a8a89224ffff,6
8a2a8a89224ffff,15
8a2a8ac62017fff,15
8a2a8ac63877fff,2
8a2a8ac63877fff,15
8a2a8a89214ffff,11
8a2a8ac6c947fff,6
8a2a8ac6c947fff,7
8a2a8ac6c947fff,10
8a2a8ad4b44ffff,0
8a2a8ad4b44ffff,1
8a2a8a8922c7fff,6
8a2a8a8922c7fff,2
8a2a8a8922c7fff,0
8a2a8ad4a877fff,15
8a2a8a8964c7fff,0
8a2a8ac666cffff,15
8a2a8a896387fff,0
8a2a8ac6470ffff,2
8a2a8ac64ca7fff,15
8a2a8ad4a36ffff,1
8a2a8ad4a36ffff,2
8a2a8ad4a36ffff,0
8a2a8ad4b6dffff,0
8a2a8ac64b37fff,8
8a2a8ad4b357fff,0
8a2a8ac64487fff,15
8a2a8ac65cd7fff,8
8a2a8ac65cd7fff,5
8a2a8ac63aeffff,15
8a2a8ad4a557fff,15
8a2a8ac60757fff,2
8a2a8ac66507fff,15
8a2a8ac60957fff,5
8a2a8ac60957fff,8
8a2a8ac60957fff,10
8a2a8ac60c5ffff,2
8a2a8ac60c5ffff,15
8a2a8a893587fff,6
8a2a8ac60af7fff,5
8a2a8ac60d07fff,15
8a2a8ac65777fff,5
8a2a8ad59baffff,15
8a2a8ad59baffff,2
8a2a8ac63d6ffff,2
8a2a8ac64b6ffff,8
8a2a8ac64b6ffff,1
8a2a8ac64b6ffff,3
8a2a8ac64b6ffff,10
8a2a8a892557fff,0
8a2a8ad4a72ffff,15
8a2a8ad4bd27fff,2
8a2a8ac65567fff,5
8a2a8a893507fff,15
8a2a8ac6c56ffff,15
8a2a8a89340ffff,6
8a2a8ac64777fff,2
8a2a8a892857fff,0
8a2a8ac60caffff,15
8a2a8ac61cb7fff,5
8a2a8ac61cb7fff,15
8a2a8ac603affff,15
8a2a8ac64bb7fff,2
8a2a8a89274ffff,3
8a2a8ac66c77fff,15
8a2a8ac61d07fff,5
8a2a8ac6396ffff,15
8a2a8ac6222ffff,15
8a2a8ad59a9ffff,15
8a2a8ad4a8e7fff,15
8a2a8ad4a8e7fff,0
8a2a8ac65c5ffff,5
8a2a8ac6c54ffff,15
8a2a8ac630c7fff,2
8a2a8ac62ceffff,15
8a2a8a8934e7fff,6
8a2a8ac62817fff,15
8a2a8ad4b007fff,0
8a2a8ad4b4d7fff,3
8a2a8ad4b4d7fff,8
8a2a8ad4b4d7fff,2
8a2a8ac6554ffff,5
8a2a8ac60967fff,5
8a2a8ac60967fff,10
8a2a8ad59687fff,15
8a2a8ac61377fff,15
8a2a8ac60037fff,7
8a2a8ac60037fff,12
8a2a8ac60037fff,13
8a2a8ac60037fff,15
8a2a8ac6c8c7fff,7
8a2a8ac6c8c7fff,3
8a2a8ac646effff,15
8a2a8a896687fff,0
8a2a8ad4b427fff,10
8a2a8ad59607fff,15
8a2a8ad5904ffff,15
8a2a8ac60b77fff,5
8a2a8ad4e35ffff,15
8a2a8ac656e7fff,5
8a2a8ad4a627fff,15
8a2a8ad59047fff,15
8a2a8a892317fff,1
8a2a8a892317fff,8
8a2a8a892ca7fff,0
8a2a8ac64867fff,2
8a2a8ac631a7fff,2
8a2a8ac631a7fff,15
8a2a8ac63ca7fff,15
8a2a8ad4ad77fff,15
8a2a8ad4b797fff,1
8a2a8ad4b797fff,10
8a2a8a892867fff,0
8a2a8ac62c4ffff,15
8a2a8ad4b41ffff,10
8a2a8ad4b41ffff,2
8a2a8ad59057fff,15
8a2a8ad5b767fff,15
8a2a8ac65677fff,5
8a2a8ac602affff,15
8a2a8ac658f7fff,14
8a2a8ac658f7fff,1
8a2a8a892937fff,2
8a2a8a892937fff,0
8a2a8ad4b667fff,0
8a2a8ac6c027fff,15
8a2a8ad4a2affff,0
8a2a8ac6cda7fff,3
8a2a8a8934dffff,6
8a2a8ac64b07fff,8
8a2a8a892a07fff,0
8a2a8ad5b347fff,15
8a2a8ac61677fff,15
8a2a8ad4a19ffff,15
8a2a8ac64a8ffff,0
8a2a8ac64a8ffff,2
8a2a8ac64727fff,2
8a2a8ac61877fff,3
8a2a8ac60da7fff,15
8a2a8ac654a7fff,5
8a2a8ac6468ffff,15
8a2a8a896607fff,0
8a2a8ac61baffff,3
8a2a8ad4ad87fff,15
8a2a8a8967a7fff,0
8a2a8ac63a8ffff,15
8a2a8ac6502ffff,14
8a2a8ad4a29ffff,0
8a2a8ac61aaffff,3
8a2a8ac65937fff,11
8a2a8ac65937fff,1
8a2a8ac65937fff,0
8a2a8ac65da7fff,1
8a2a8ac65da7fff,2
8a2a8ac65da7fff,10
8a2a8ac60d57fff,15
8a2a8ac6cc87fff,15
8a2a8ac64637fff,15
8a2a8ac64637fff,2
8a2a8ac61227fff,15
8a2a8ad4e217fff,15
8a2a8ac6114ffff,3
8a2a8a89205ffff,1
8a2a8a89205ffff,8
8a2a8a89205ffff,10
8a2a8ac63a2ffff,15
8a2a8ac6ca2ffff,6
8a2a8ac6ca2ffff,7
8a2a8ac61cdffff,15
8a2a8ac6c9a7fff,7
8a2a8ac61a87fff,3
8a2a8ad59b87fff,15
8a2a8ac6c9b7fff,7
8a2a8ac6c9b7fff,3
8a2a8ac65d67fff,0
8a2a8ac65b1ffff,0
8a2a8ac631b7fff,15
8a2a8ac6144ffff,15
8a2a8ac65147fff,4
8a2a8a892b8ffff,0
8a2a8ac610f7fff,15
8a2a8ac6029ffff,2
8a2a8a896487fff,0
8a2a8ac66647fff,15
8a2a8ac65ac7fff,0
8a2a8ac65ac7fff,1
8a2a8a892a37fff,0
8a2a8ac61a5ffff,3
8a2a8ac61617fff,15
8a2a8ac6cd17fff,3
8a2a8ad4846ffff,0
8a2a8ac65557fff,5
8a2a8a8928dffff,1
8a2a8a8928dffff,0
8a2a8ad4a45ffff,15
8a2a8ac6395ffff,2
8a2a8ac6395ffff,15
8a2a8ac66d1ffff,15
8a2a8ac64c07fff,15
8a2a8ac64c07fff,2
8a2a8ac657b7fff,5
8a2a8ad4b1b7fff,0
8a2a8ad59a47fff,15
8a2a8ac60357fff,15
8a2a8ac66c17fff,15
8a2a8ac65037fff,14
8a2a8ac65037fff,4
8a2a8ac610a7fff,15
8a2a8ac63157fff,2
8a2a8ac63157fff,15
8a2a8ad4b647fff,0
8a2a8ac642cffff,10
8a2a8ac642cffff,0
8a2a8ac64c5ffff,15
8a2a8ac62a47fff,15
8a2a8ac66327fff,15
8a2a8ac66ceffff,15
8a2a8ac66ceffff,9
8a2a8ac6642ffff,15
8a2a8ac62b9ffff,15
8a2a8ac60767fff,15
8a2a8ac652dffff,3
8a2a8ac652dffff,2
8a2a8ad59347fff,15
8a2a8ad48657fff,2
8a2a8ac66c07fff,15
8a2a8ac6426ffff,5
8a2a8ac6426ffff,7
8a2a8ac6426ffff,0
8a2a8ac6049ffff,15
8a2a8ac65527fff,5
8a2a8a89372ffff,6
8a2a8ac61d8ffff,5
8a2a8ac6565ffff,5
8a2a8a892327fff,1
8a2a8a892327fff,8
8a2a8a89260ffff,2
8a2a8a89260ffff,3
8a2a8ad4bcaffff,1
8a2a8ad4bcaffff,2
8a2a8ad4bcaffff,10
8a2a8ac6429ffff,10
8a2a8ac663b7fff,15
8a2a8ac6c917fff,7
8a2a8a89639ffff,0
8a2a8ac65caffff,4
8a2a8ac65caffff,8
8a2a8ac65caffff,10
8a2a8ac65077fff,14
8a2a8a892617fff,3
8a2a8ad4851ffff,15
8a2a8ac6cc77fff,15
8a2a8a892cf7fff,13
8a2a8a892cf7fff,0
8a2a8a892cf7fff,10
8a2a8ac6175ffff,15
8a2a8ac63d4ffff,2
8a2a8ac60c8ffff,15
8a2a8ad48517fff,15
8a2a8ac618b7fff,3
8a2a8ac64337fff,0
8a2a8ad4bc9ffff,1
8a2a8ad4bc9ffff,2
8a2a8ad4bc9ffff,2
8a2a8ac66997fff,15
8a2a8ad4aa27fff,2
8a2a8ad4aa27fff,0
8a2a8ac6c857fff,6
8a2a8ac6c857fff,7
8a2a8ac6cbb7fff,6
8a2a8ac6cbb7fff,7
8a2a8ad4a5a7fff,15
8a2a8ad4a0d7fff,15
8a2a8ac6545ffff,5
8a2a8a893097fff,6
8a2a8a893097fff,15
8a2a8a896ad7fff,0
8a2a8a89370ffff,6
8a2a8ac61937fff,3
8a2a8ac61937fff,5
8a2a8ad4a7affff,15
8a2a8ac62877fff,15
8a2a8ad5b20ffff,15
8a2a8ac639a7fff,2
8a2a8a89221ffff,0
8a2a8ad4a7a7fff,15
8a2a8ad4bd9ffff,1
8a2a8ad4bd9ffff,2
8a2a8ac64617fff,15
8a2a8ac64617fff,2
8a2a8ad4a44ffff,15
8a2a8ad4e297fff,15
8a2a8ad4b497fff,2
8a2a8ac61187fff,3
8a2a8ac61187fff,15
8a2a8ac6210ffff,2
8a2a8ac6210ffff,15
8a2a8ad5976ffff,15
8a2a8ad4a0dffff,15
8a2a8ad4a0dffff,0
8a2a8ad4e207fff,15
8a2a8ac66a9ffff,15
8a2a8ac60b37fff,5
8a2a8ac65257fff,0
8a2a8ac65257fff,2
8a2a8ac60adffff,5
8a2a8ac63db7fff,15
8a2a8ac64267fff,7
8a2a8ac64267fff,2
8a2a8ac64267fff,0
8a2a8ac646a7fff,15
8a2a8ac6532ffff,0
8a2a8ac6079ffff,15
8a2a8ad4b437fff,10
8a2a8ad4b437fff,2
8a2a8a89278ffff,3
8a2a8ad4a787fff,15
8a2a8ac61a17fff,3
8a2a8ac60587fff,15
8a2a8ad4e2a7fff,15
8a2a8ad4e2c7fff,15
8a2a8a8928f7fff,0
8a2a8ac6ccc7fff,15
8a2a8ac6dd37fff,7
8a2a8ad596d7fff,15
8a2a8ac60257fff,15
8a2a8ad4b4cffff,10
8a2a8ac6cc9ffff,15
8a2a8ac60d2ffff,15
8a2a8ac6391ffff,2
8a2a8ac65c47fff,4
8a2a8ac65c47fff,5
8a2a8ac6630ffff,15
8a2a8ac6198ffff,3
8a2a8ad4aa77fff,2
8a2a8ad4aa77fff,1
8a2a8a89630ffff,0
8a2a8ac64c1ffff,15
8a2a8ad4a287fff,0
8a2a8a89648ffff,0
8a2a8ac6cd67fff,3
8a2a8ac61b27fff,3
8a2a8a8926b7fff,3
8a2a8a892d07fff,0
8a2a8a8929a7fff,0
8a2a8a892d5ffff,10
8a2a8a892d5ffff,2
8a2a8a892d5ffff,0
8a2a8ac621a7fff,15
8a2a8ac643affff,0
8a2a8ac6098ffff,8
8a2a8ac604effff,15
8a2a8ac63ae7fff,15
8a2a8ad4a6d7fff,2
8a2a8ac606a7fff,15
8a2a8ac61517fff,15
8a2a8ac61967fff,3
8a2a8ac66b57fff,15
8a2a8ac66b57fff,2
8a2a8ac65d6ffff,0
8a2a8ac65d6ffff,1
8a2a8ad4e607fff,15
8a2a8ad4a827fff,15
8a2a8ac6619ffff,15
8a2a8ad4e76ffff,15
8a2a8ac6218ffff,15
8a2a8ac66cd7fff,9
8a2a8ac608f7fff,5
8a2a8ac608f7fff,8
8a2a8ad4aa37fff,2
8a2a8ad4aa37fff,0
8a2a8a89201ffff,13
8a2a8a89201ffff,10
8a2a8ac60157fff,5
8a2a8ac60157fff,12
8a2a8ac60157fff,15
8a2a8ac656f7fff,5
8a2a8ad4b0a7fff,0
8a2a8ac65adffff,0
8a2a8ad5920ffff,15
8a2a8a89222ffff,0
8a2a8ac64217fff,0
8a2a8ac6148ffff,15
8a2a8ac65207fff,3
8a2a8ac65207fff,11
8a2a8ad4a427fff,15
8a2a8ac6ca67fff,6
8a2a8ac6556ffff,5
8a2a8ad4b537fff,1
8a2a8ad4b537fff,2
8a2a8ad4b537fff,2
8a2a8ad4b787fff,0
8a2a8ad4b787fff,1
8a2a8ad4acd7fff,15
8a2a8ac66587fff,15
8a2a8ac6099ffff,15
8a2a8ac6099ffff,8
8a2a8a892187fff,10
8a2a8ac662affff,15
8a2a8ad48417fff,2
8a2a8ac628dffff,15
8a2a8ac63d2ffff,2
8a2a8a892c77fff,10
8a2a8ac62937fff,15
8a2a8ad596dffff,15
8a2a8ac60597fff,15
8a2a8ac62367fff,15
8a2a8ac66957fff,15
8a2a8ac600dffff,15
8a2a8a892947fff,2
8a2a8ad4a457fff,15
8a2a8ac60417fff,15
8a2a8ad4a64ffff,15
8a2a8ad4a64ffff,0
8a2a8a892d57fff,1
8a2a8a892d57fff,2
8a2a8a892d57fff,0
8a2a8a892da7fff,1
8a2a8a892da7fff,0
8a2a8ac62207fff,15
8a2a8ac657a7fff,5
8a2a8a896597fff,11
8a2a8a896597fff,0
8a2a8ac61b77fff,3
8a2a8ac61a67fff,3
8a2a8a89350ffff,6
8a2a8a89350ffff,15
8a2a8ac618d7fff,3
8a2a8ac66d27fff,15
8a2a8ac6ca27fff,6
8a2a8ac6ca27fff,7
8a2a8ac651affff,4
8a2a8ac651affff,5
8a2a8ac61597fff,15
8a2a8ac6c0b7fff,15
8a2a8ad4b7b7fff,1
8a2a8ad4b7b7fff,10
8a2a8ac62a27fff,15
8a2a8a893777fff,6
8a2a8ac64967fff,2
8a2a8ac64967fff,2
8a2a8ac64967fff,9
8a2a8ac64967fff,0
8a2a8ac63c2ffff,2
8a2a8ac63c2ffff,15
8a2a8a8905b7fff,2
8a2a8ad59077fff,15
8a2a8ac61b97fff,3
8a2a8ad4a26ffff,1
8a2a8ad4a26ffff,9
8a2a8ad4a26ffff,2
8a2a8a896287fff,0
8a2a8ac619affff,3
8a2a8ac65407fff,5
8a2a8ac6420ffff,0
8a2a8ad4b09ffff,0
8a2a8ad5b747fff,15
8a2a8ac654effff,5
8a2a8ac61ceffff,3
8a2a8ac62257fff,15
8a2a8ac662e7fff,15
8a2a8ac62c5ffff,15
8a2a8a89358ffff,6
8a2a8ad5b2e7fff,15
8a2a8ad4a727fff,15
8a2a8ad4ab27fff,2
8a2a8ac64767fff,0
8a2a8ac64767fff,2
8a2a8ad48737fff,0
8a2a8ac61307fff,15
8a2a8ad4ab47fff,2
8a2a8ac60987fff,8
8a2a8ac639affff,2
8a2a8a8937a7fff,6
8a2a8ac6684ffff,15
8a2a8ad4a92ffff,15
8a2a8ad4ad17fff,15
8a2a8ad4bc17fff,2
8a2a8ac6caf7fff,10
8a2a8ac6caf7fff,7
8a2a8ac65d9ffff,8
8a2a8ac65d9ffff,2
8a2a8ac65d9ffff,10
8a2a8ac66d57fff,15
8a2a8ac63d77fff,2
8a2a8ac6388ffff,15
8a2a8ad4ad97fff,15
8a2a8ac6541ffff,5
8a2a8ac60607fff,2
8a2a8ad4a227fff,0
8a2a8ac63577fff,15
8a2a8ac650affff,5
8a2a8ad4b347fff,0
8a2a8ad4b347fff,8
8a2a8ad4a71ffff,15
8a2a8ad48427fff,2
8a2a8ad48427fff,15
8a2a8ac66a1ffff,15
8a2a8ad5b2f7fff,15
8a2a8a89631ffff,0
8a2a8ac656d7fff,5
8a2a8ac63b57fff,15
8a2a8a89666ffff,0
8a2a8ac6cd0ffff,3
8a2a8ac61687fff,15
8a2a8ac6212ffff,15
8a2a8ac65357fff,0
8a2a8ad4a3affff,0
8a2a8ac6172ffff,15
8a2a8ad4a1b7fff,15
8a2a8ac60177fff,5
8a2a8ac60177fff,15
8a2a8ad5b24ffff,15
8a2a8ac6310ffff,2
8a2a8ac6310ffff,15
8a2a8ac60ba7fff,5
8a2a8ac6305ffff,1
8a2a8ac6305ffff,2
8a2a8a893537fff,15
8a2a8ac6618ffff,15
8a2a8ac6cd77fff,3
8a2a8ac64d0ffff,2
8a2a8a89359ffff,6
8a2a8ac602d7fff,2
8a2a8ac602d7fff,15
8a2a8ac64c57fff,15
8a2a8ad4a30ffff,0
8a2a8ac6405ffff,0
8a2a8ad4a4d7fff,2
8a2a8ad4b8d7fff,2
8a2a8ac6650ffff,15
8a2a8ac658dffff,7
8a2a8ac658dffff,1
8a2a8ac658dffff,4
8a2a8ad4bd8ffff,1
8a2a8ad4bd8ffff,2
8a2a8a892087fff,0
8a2a8ac60c37fff,15
8a2a8ac652b7fff,5
8a2a8ad48087fff,0
8a2a8ac6031ffff,15
8a2a8a892647fff,2
8a2a8a8925a7fff,0
8a2a8ad4a297fff,0
8a2a8ac62a77fff,15
8a2a8ad4a4c7fff,15
8a2a8ad4a4c7fff,2
8a2a8ad48197fff,0
8a2a8a8937affff,6
8a2a8ac65467fff,5
8a2a8ac6454ffff,2
8a2a8ad5b36ffff,15
8a2a8ac650b7fff,5
8a2a8ac6696ffff,15
8a2a8ac6018ffff,13
8a2a8ac6018ffff,2
8a2a8ac608d7fff,5
8a2a8ad4e287fff,15
8a2a8ac629affff,15
8a2a8ac628a7fff,15
8a2a8ac60377fff,5
8a2a8ac60377fff,15
8a2a8ac65c17fff,4
8a2a8ac65c17fff,10
8a2a8ac66d5ffff,15
8a2a8ad4bdb7fff,1
8a2a8ad4bdb7fff,2
8a2a8ad4bdb7fff,0
8a2a8a892ad7fff,1
8a2a8a892ad7fff,8
8a2a8a892ad7fff,0
8a2a8a89240ffff,0
8a2a8a89240ffff,3
8a2a8ac65307fff,0
8a2a8ac60167fff,5
8a2a8ac66c6ffff,15
8a2a8ac60a1ffff,5
8a2a8ac666a7fff,15
8a2a8ac60a97fff,5
8a2a8ac63b47fff,15
8a2a8ac63a97fff,15
8a2a8ad4a927fff,15
8a2a8a896417fff,0
8a2a8ac6c327fff,10
8a2a8ac6c327fff,7
8a2a8ac6c327fff,2
8a2a8ac62907fff,15
8a2a8a896c87fff,0
8a2a8a896c87fff,8
8a2a8ac61a07fff,3
8a2a8ac62d07fff,15
8a2a8ac660affff,15
8a2a8a89369ffff,6
8a2a8a89369ffff,7
8a2a8ac6c8b7fff,3
8a2a8a8920f7fff,13
8a2a8a8920f7fff,3
8a2a8ac63acffff,15
8a2a8ad59b2ffff,2
8a2a8a892a27fff,0
8a2a8ac64d67fff,15
8a2a8ac64d67fff,2
8a2a8ad4a847fff,2
8a2a8ad4a847fff,15
8a2a8a892bb7fff,11
8a2a8a892bb7fff,0
8a2a8ac6c567fff,15
8a2a8ad4b20ffff,0
8a2a8ad4b20ffff,1
8a2a8ad4b20ffff,2
8a2a8ac6c3b7fff,3
8a2a8ac6591ffff,11
8a2a8ac6591ffff,1
8a2a8ac6591ffff,0
8a2a8ad4b18ffff,0
8a2a8ac62b47fff,15
8a2a8a892127fff,0
8a2a8ac61167fff,3
8a2a8ac63927fff,2
8a2a8ac64537fff,15
8a2a8ad4b8affff,2
8a2a8ac6442ffff,15
8a2a8ac6442ffff,2
8a2a8ad4a127fff,15
8a2a8ad4a127fff,0
8a2a8ac623affff,15
8a2a8ad4e2dffff,15
8a2a8ac61a2ffff,3
8a2a8ad48557fff,2
8a2a8ad48557fff,15
8a2a8a892c17fff,13
8a2a8a892c17fff,0
8a2a8a892c17fff,10
8a2a8ac60847fff,5
8a2a8ac6056ffff,2
8a2a8ac6056ffff,15
8a2a8ac66547fff,15
8a2a8ac66547fff,9
8a2a8ad480a7fff,0
8a2a8ac604cffff,15
8a2a8ac613b7fff,15
8a2a8ac65a9ffff,0
8a2a8ac6475ffff,2
8a2a8ad486a7fff,1
8a2a8ad4a657fff,15
8a2a8ad5921ffff,15
8a2a8ac64da7fff,15
8a2a8ac60467fff,15
8a2a8ac63907fff,2
8a2a8ac66017fff,15
8a2a8ad4a0b7fff,15
8a2a8ac616e7fff,15
8a2a8ac62b0ffff,15
8a2a8ac652f7fff,0
8a2a8ac652f7fff,3
8a2a8ac64d4ffff,15
8a2a8ac64d4ffff,15
8a2a8ac66a17fff,15
8a2a8ac66a17fff,2
8a2a8ac60aaffff,5
8a2a8ad4859ffff,2
8a2a8ad4859ffff,15
8a2a8ac6109ffff,15
8a2a8ac661b7fff,15
8a2a8ac64187fff,15
8a2a8ad4b2b7fff,0
8a2a8ac646dffff,15
8a2a8ad59a8ffff,15
8a2a8ad59a8ffff,2
8a2a8a8930affff,15
8a2a8a8962f7fff,2
8a2a8ac649a7fff,15
8a2a8ac649a7fff,0
8a2a8ad4bc2ffff,2
8a2a8ac64d1ffff,15
8a2a8ac64d1ffff,2
8a2a8ac6132ffff,15
8a2a8ac604b7fff,15
8a2a8a8906affff,1
8a2a8ac61c47fff,3
8a2a8ad59a77fff,15
8a2a8ad484a7fff,2
8a2a8ac66437fff,15
8a2a8ad4a34ffff,1
8a2a8ad4a34ffff,2
8a2a8ad4a34ffff,2
8a2a8a892c9ffff,0
8a2a8a89239ffff,10
8a2a8a89239ffff,3
8a2a8ac649b7fff,15
8a2a8ad4bc0ffff,2
8a2a8a89269ffff,3
8a2a8ad4b78ffff,0
8a2a8ac65187fff,4
8a2a8ac65187fff,5
8a2a8ac65bb7fff,2
8a2a8ac65bb7fff,1
8a2a8ac65bb7fff,11
8a2a8ac65747fff,5
8a2a8ad4b2c7fff,1
8a2a8ad4b2c7fff,0
8a2a8ac629b7fff,15
8a2a8a8922e7fff,0
8a2a8a892707fff,3
8a2a8ac65587fff,5
8a2a8ac65587fff,0
8a2a8ac6566ffff,5
8a2a8ac60337fff,5
8a2a8ac60337fff,15
8a2a8ad4b4dffff,3
8a2a8ad4b4dffff,10
8a2a8ad4b4dffff,2
8a2a8ad5b35ffff,15
8a2a8ac63b07fff,15
8a2a8ad4b9b7fff,2
8a2a8ac6199ffff,3
8a2a8ac6cb57fff,6
8a2a8ad4848ffff,2
8a2a8ac65447fff,5
8a2a8a892297fff,7
8a2a8a892297fff,2
8a2a8a892297fff,3
8a2a8ac642b7fff,10
8a2a8ac642b7fff,0
8a2a8ac642b7fff,11
8a2a8ac6080ffff,5
8a2a8ac61397fff,15
8a2a8ac6136ffff,15
8a2a8ac63a27fff,15
8a2a8ac61d57fff,5
8a2a8ac66207fff,15
8a2a8ac66167fff,15
8a2a8a892d8ffff,0
8a2a8a892d8ffff,1
8a2a8a892d8ffff,7
8a2a8ac62adffff,15
8a2a8ad484cffff,2
8a2a8ac664cffff,15
8a2a8ac63377fff,15
8a2a8ac6146ffff,15
8a2a8ac65c57fff,4
8a2a8ac65c57fff,5
8a2a8ad5938ffff,15
8a2a8ad4a667fff,15
8a2a8ad4a667fff,0
8a2a8a8934f7fff,6
8a2a8a892a47fff,1
8a2a8ac6549ffff,5
8a2a8a8922effff,6
8a2a8a8922effff,0
8a2a8ac6181ffff,3
8a2a8ad4b7a7fff,0
8a2a8ad4b7a7fff,1
8a2a8ac63857fff,15
8a2a8a892217fff,0
8a2a8a892217fff,1
8a2a8a892217fff,10
8a2a8ac6cc4ffff,15
8a2a8ac75b6ffff,15
8a2a8ac75b47fff,15
8a2a8ac6072ffff,2
8a2a8ac6072ffff,11
8a2a8ac6072ffff,15
8a2a8a892a6ffff,1
8a2a8ac64007fff,15
8a2a8ac64007fff,8
8a2a8ac60c87fff,15
8a2a8ad4a217fff,0
8a2a8ac6010ffff,12
8a2a8ac6010ffff,15
8a2a8ac61767fff,15
8a2a8ac6430ffff,0
8a2a8ac61c77fff,3
8a2a8ac61c77fff,5
8a2a8ad4a79ffff,15
8a2a8ad4a79ffff,2
8a2a8ac64d97fff,15
8a2a8ac66357fff,15
8a2a8ac61db7fff,5
8a2a8ad4b8c7fff,2
8a2a8ac60d27fff,15
8a2a8ad4aca7fff,15
8a2a8ac64b47fff,1
8a2a8ac64b47fff,3
8a2a8ac64b47fff,10
8a2a8ac6c0affff,15
8a2a8ad486effff,2
8a2a8ad4aa87fff,0
8a2a8ad5bb5ffff,15
8a2a8ac63197fff,15
8a2a8ac6479ffff,15
8a2a8ac66ce7fff,15
8a2a8ac66ce7fff,9
8a2a8ac6084ffff,5
8a2a8ad4bcb7fff,1
8a2a8ad4bcb7fff,2
8a2a8ad4bcb7fff,2
8a2a8ac6168ffff,15
8a2a8ac61a8ffff,3
8a2a8ac61a8ffff,15
8a2a8ad4a737fff,15
8a2a8ac6024ffff,15
8a2a8a892757fff,3
8a2a8ad48457fff,0
8a2a8ad48457fff,2
8a2a8ac62a87fff,2
8a2a8ac62a87fff,15
8a2a8ac66947fff,15
8a2a8ac6534ffff,0
8a2a8ad4a5affff,15
8a2a8ad59b4ffff,15
8a2a8ad59b4ffff,2
8a2a8ad4a8c7fff,0
8a2a8ad59287fff,15
8a2a8ad4a81ffff,15
8a2a8ac61b37fff,3
8a2a8ad4b277fff,0
8a2a8ac60857fff,5
8a2a8a8924dffff,3
8a2a8ad4b04ffff,0
8a2a8ac6489ffff,15
8a2a8ac6489ffff,15
8a2a8ad5b34ffff,15
8a2a8ac65cf7fff,4
8a2a8ac65cf7fff,8
8a2a8ac65cf7fff,5
8a2a8ac66897fff,15
8a2a8ac66197fff,15
8a2a8ac66197fff,9
8a2a8ad59a5ffff,15
8a2a8ad4ac67fff,15
8a2a8a8926e7fff,2
8a2a8a8926e7fff,3
8a2a8ad4a78ffff,15
8a2a8ac62137fff,15
8a2a8ac6cd57fff,3
8a2a8ac60207fff,15
8a2a8ac64887fff,15
8a2a8ac64887fff,2
8a2a8ac64887fff,15
8a2a8ac64887fff,0
8a2a8ad5ba6ffff,15
8a2a8ad4bc57fff,2
8a2a8ac6ddb7fff,7
8a2a8ad5b247fff,15
8a2a8ac66907fff,15
8a2a8ac63b0ffff,15
8a2a8ac61697fff,15
8a2a8ac63d5ffff,2
8a2a8ac63d5ffff,15
8a2a8ac6025ffff,15
8a2a8ad4a137fff,15
8a2a8a89245ffff,0
8a2a8a89245ffff,3
8a2a8ad4a837fff,15
8a2a8ac66087fff,15
8a2a8ac65517fff,5
8a2a8ac63a6ffff,15
8a2a8ad4ab67fff,2
8a2a8ad4e637fff,15
8a2a8ac64477fff,2
8a2a8ac6332ffff,15
8a2a8ac6300ffff,2
8a2a8ac643a7fff,0
8a2a8ad4b5affff,2
8a2a8ad4a4e7fff,15
8a2a8ad4b0dffff,2
8a2a8ac6559ffff,5
8a2a8ad59b17fff,15
8a2a8ad59b17fff,2
8a2a8ac648cffff,11
8a2a8ac648cffff,2
8a2a8ad4a007fff,15
8a2a8ad4a007fff,0
8a2a8ad4b247fff,0
8a2a8ac6ca9ffff,7
8a2a8ac6ca9ffff,2
8a2a8ac6445ffff,2
8a2a8ac64c97fff,15
8a2a8ad4a88ffff,15
8a2a8ac64d17fff,15
8a2a8a896627fff,0
8a2a8ac66cf7fff,15
8a2a8ac66cf7fff,9
8a2a8ac6491ffff,2
8a2a8ac6491ffff,0
8a2a8ad4a937fff,15
8a2a8ac62c1ffff,15
8a2a8a893677fff,15
8a2a8ad4e6f7fff,15
8a2a8ac6cad7fff,10
8a2a8ac6cad7fff,7
8a2a8ac63caffff,15
8a2a8ad592d7fff,15
8a2a8ac62d5ffff,15
8a2a8ad4a10ffff,0
8a2a8ac60807fff,5
8a2a8ac60807fff,8
8a2a8a892227fff,0
8a2a8a892227fff,1
8a2a8ac648f7fff,2
8a2a8ac648f7fff,0
8a2a8ad5968ffff,15
8a2a8ac66247fff,15
8a2a8ad4a3a7fff,0
8a2a8ac64a9ffff,0
8a2a8ac64a9ffff,2
8a2a8ac64a9ffff,8
8a2a8a892927fff,2
8a2a8a892927fff,0
8a2a8ac64aeffff,0
8a2a8ac64aeffff,1
8a2a8ac60627fff,2
8a2a8ac6406ffff,0
8a2a8ac6406ffff,8
8a2a8a893597fff,6
8a2a8a89219ffff,0
8a2a8a89219ffff,10
8a2a8ac6459ffff,15
8a2a8ad484b7fff,2
8a2a8ad5b26ffff,15
8a2a8ad4aadffff,0
8a2a8ac6071ffff,2
8a2a8ad4b287fff,0
8a2a8ad4a687fff,15
8a2a8a890697fff,1
8a2a8ac6cce7fff,15
8a2a8ac65a27fff,0
8a2a8ac6580ffff,14
8a2a8ac6580ffff,1
8a2a8ac61117fff,3
8a2a8ac6225ffff,15
8a2a8ac62a5ffff,15
8a2a8ac640b7fff,2
8a2a8ad4bd4ffff,2
8a2a8ac6341ffff,15
8a2a8ac60b47fff,5
8a2a8ac66d67fff,15
8a2a8ac6c3affff,10
8a2a8ac6c3affff,3
8a2a8ac65417fff,5
8a2a8ac60d67fff,15
8a2a8ac60d67fff,15
8a2a8ac66a6ffff,15
8a2a8ac61a97fff,3
8a2a8ac6caeffff,7
8a2a8ac61337fff,15
8a2a8ac654c7fff,5
8a2a8ac640e7fff,8
8a2a8ac61927fff,3
8a2a8ac61927fff,5
8a2a8ac642a7fff,0
8a2a8ac642a7fff,11
8a2a8ac658e7fff,14
8a2a8ac658e7fff,1
8a2a8ac609affff,8
8a2a8a89229ffff,7
8a2a8a89229ffff,2
8a2a8ad4b0f7fff,0
8a2a8ad4b0f7fff,2
8a2a8ad4a0a7fff,15
8a2a8ac6062ffff,2
8a2a8ac63a87fff,15
8a2a8ac66417fff,15
8a2a8ad59b37fff,2
8a2a8ac60b6ffff,5
8a2a8ad4a6cffff,15
8a2a8ac64a6ffff,8
8a2a8ac64a6ffff,2
8a2a8ac64a6ffff,8
8a2a8ac64a6ffff,10
8a2a8ac6536ffff,0
8a2a8ac65d1ffff,0
8a2a8ac65d1ffff,1
8a2a8ac644cffff,15
8a2a8ad4ad4ffff,15
8a2a8ad4b137fff,2
8a2a8ac64207fff,0
8a2a8ac64847fff,2
8a2a8ac60c67fff,15
8a2a8ac60c67fff,15
8a2a8ac6678ffff,15
8a2a8ac65167fff,7
8a2a8ac65167fff,1
8a2a8ac65167fff,4
8a2a8a89661ffff,0
8a2a8ac66567fff,9
8a2a8ac66787fff,15
8a2a8ad4ac27fff,15
8a2a8ad4b367fff,8
8a2a8a8930d7fff,6
8a2a8a8930d7fff,15
8a2a8ad5935ffff,15
8a2a8ad4bc97fff,2
8a2a8ad4bc97fff,2
8a2a8ad4808ffff,0
8a2a8a892787fff,3
8a2a8ac6621ffff,15
8a2a8ac62377fff,15
8a2a8ac61b0ffff,3
8a2a8ad596f7fff,15
8a2a8ac62077fff,2
8a2a8ac62077fff,15
8a2a8a8922f7fff,2
8a2a8a8922f7fff,0
8a2a8a8922f7fff,10
8a2a8a892ce7fff,10
8a2a8ac646affff,15
8a2a8ac646affff,2
8a2a8ac63a37fff,15
8a2a8a892337fff,8
8a2a8ac62cdffff,15
8a2a8ad4b527fff,1
8a2a8ad4b527fff,10
8a2a8ad4b527fff,3
8a2a8ad4b527fff,2
8a2a8ac6381ffff,15
8a2a8ac6cc17fff,15
8a2a8a892577fff,0
8a2a8ad59acffff,15
8a2a8a896207fff,2
8a2a8a896207fff,0
8a2a8ac60867fff,5
8a2a8ad4bd97fff,1
8a2a8ad4bd97fff,2
8a2a8ad4bd97fff,0
8a2a8ac63a0ffff,15
8a2a8ac64a57fff,0
8a2a8ac64a57fff,1
8a2a8ac644a7fff,15
8a2a8ac66157fff,15
8a2a8ac6688ffff,15
8a2a8ac6cb67fff,6
8a2a8ac66537fff,15
8a2a8ac61727fff,15
8a2a8ac6ca97fff,7
8a2a8a89309ffff,6
8a2a8a89309ffff,15
8a2a8ac66a47fff,15
8a2a8a89209ffff,0
8a2a8a89209ffff,3
8a2a8ac64b1ffff,3
8a2a8ac64b1ffff,8
8a2a8ac63c57fff,15
8a2a8ac65d4ffff,1
8a2a8ac6054ffff,2
8a2a8ac6054ffff,15
8a2a8a89204ffff,1
8a2a8a89204ffff,8
8a2a8ad59397fff,15
8a2a8ad4ac97fff,15
8a2a8ac64277fff,0
8a2a8ad59307fff,15
8a2a8ac650d7fff,5
8a2a8ad4a12ffff,0
8a2a8ac66847fff,15
8a2a8a8934d7fff,6
8a2a8ad4818ffff,0
8a2a8ac64d77fff,2
8a2a8ac66b0ffff,15
8a2a8ac66b0ffff,2
8a2a8ac60897fff,15
8a2a8ac60897fff,15
8a2a8ac6484ffff,8
8a2a8ac6484ffff,2
8a2a8ac638b7fff,2
8a2a8ac638b7fff,15
8a2a8ad4ab6ffff,2
8a2a8ad4ab6ffff,1
8a2a8ac61b87fff,3
8a2a8ac656cffff,5
8a2a8ad5924ffff,15
8a2a8ac65c9ffff,4
8a2a8ac65c9ffff,8
8a2a8ac65c9ffff,8
8a2a8ac65c9ffff,5
8a2a8ac65c9ffff,7
8a2a8ac65c9ffff,2
8a2a8ac65317fff,0
8a2a8ac65317fff,11
8a2a8ad4a04ffff,0
8a2a8ad4aba7fff,2
8a2a8ad4aba7fff,15
8a2a8ad4840ffff,2
8a2a8ad5b32ffff,15
8a2a8ad4a437fff,15
8a2a8ac6594ffff,11
8a2a8ac6594ffff,0
8a2a8ac6c76ffff,3
8a2a8ac6c76ffff,7
8a2a8a8926d7fff,2
8a2a8a8926d7fff,3
8a2a8ac6116ffff,3
8a2a8ad59b57fff,15
8a2a8ad59b57fff,2
8a2a8ac6424ffff,5
8a2a8ac6424ffff,0
8a2a8ac65a37fff,0
8a2a8ac6411ffff,15
8a2a8ac6411ffff,2
8a2a8a89068ffff,1
8a2a8ad4a867fff,2
8a2a8ad4a867fff,15
8a2a8a892177fff,1
8a2a8a892177fff,0
8a2a8ac6ca07fff,7
8a2a8ad4b7affff,0
8a2a8ac6dd27fff,7
8a2a8ac6694ffff,15
8a2a8ac6eda7fff,15
8a2a8ac6052ffff,15
8a2a8ad4a817fff,15
8a2a8ac66227fff,15
8a2a8ac65b5ffff,0
8a2a8ac61957fff,3
8a2a8ac6cd2ffff,3
8a2a8ad4b05ffff,0
8a2a8ad4b05ffff,2
8a2a8ac657affff,5
8a2a8ac669affff,15
8a2a8a8966cffff,0
8a2a8ac65c67fff,4
8a2a8ac65c67fff,1
8a2a8ad4bc4ffff,2
8a2a8a896647fff,0
8a2a8ac64db7fff,15
8a2a8ac64cb7fff,15
8a2a8ac62ac7fff,15
8a2a8a89294ffff,2
8a2a8a89294ffff,0
8a2a8ac61717fff,15
8a2a8a892527fff,0
8a2a8ac6596ffff,11
8a2a8ac6596ffff,0
8a2a8ac65927fff,1
8a2a8ac65927fff,0
8a2a8ad4a0c7fff,15
8a2a8ad4a0c7fff,0
8a2a8a8962d7fff,2
8a2a8a89365ffff,15
8a2a8a89365ffff,6
8a2a8ac63847fff,15
8a2a8ac62167fff,15
8a2a8ad4844ffff,0
8a2a8ac6289ffff,15
8a2a8a893737fff,6
8a2a8ac659affff,11
8a2a8ad4a717fff,15
8a2a8ad5b66ffff,15
8a2a8ac6192ffff,3
8a2a8ac63937fff,2
8a2a8a896697fff,0
8a2a8ad59ba7fff,15
8a2a8ad59ba7fff,2
8a2a8ad4b69ffff,0
8a2a8ad4b69ffff,2
8a2a8ad4b69ffff,8
8a2a8ac65d0ffff,0
8a2a8ac65d0ffff,1
8a2a8ac6c897fff,7
8a2a8ac6c897fff,3
8a2a8ac6c897fff,15
8a2a8ad4b24ffff,0
8a2a8ac615affff,15
8a2a8a893767fff,6
8a2a8ac66837fff,15
8a2a8ac608b7fff,5
8a2a8ac608b7fff,15
8a2a8ac608b7fff,8
8a2a8ac608b7fff,15
8a2a8a89665ffff,0
8a2a8ac6c887fff,7
8a2a8ac6c887fff,3
8a2a8ac6691ffff,15
8a2a8ac658d7fff,7
8a2a8ac658d7fff,14
8a2a8ac658d7fff,1
8a2a8ac64c0ffff,15
8a2a8ac64c0ffff,2
8a2a8ac6195ffff,3
8a2a8ad4e2cffff,15
8a2a8ad4a917fff,15
8a2a8ac61197fff,15
8a2a8ac63987fff,2
8a2a8a896d97fff,8
8a2a8a896d97fff,0
8a2a8ad4ac6ffff,15
8a2a8ad4e68ffff,15
8a2a8ac63437fff,15
8a2a8ad4e21ffff,15
8a2a8ac6200ffff,15
8a2a8ac6c00ffff,7
8a2a8ac6c00ffff,15
8a2a8ac6431ffff,0
8a2a8ac65617fff,5
8a2a8ac66047fff,15
8a2a8ac6640ffff,15
8a2a8ac6546ffff,5
8a2a8ac6c827fff,7
8a2a8ac6c827fff,10
8a2a8ad4a0affff,15
8a2a8ac6059ffff,15
8a2a8ad5b2dffff,15
8a2a8ac659b7fff,11
8a2a8ac659b7fff,0
8a2a8ac66c67fff,15
8a2a8ac6ddaffff,7
8a2a8a893db7fff,1
8a2a8ad4b10ffff,2
8a2a8ac644e7fff,15
8a2a8ac644e7fff,2
8a2a8a89659ffff,11
8a2a8a89659ffff,0
8a2a8ac62a57fff,15
8a2a8ad484dffff,2
8a2a8ad4a2c7fff,2
8a2a8ad4a2c7fff,0
8a2a8a892257fff,0
8a2a8ad4b117fff,2
8a2a8ac64b2ffff,3
8a2a8ac64b2ffff,8
8a2a8ac66777fff,15
8a2a8ac65437fff,5
8a2a8ac65827fff,1
8a2a8ac65827fff,11
8a2a8ac65827fff,0
8a2a8ad59a0ffff,15
8a2a8ad59a0ffff,2
8a2a8ac66aeffff,15
8a2a8ac640d7fff,2
8a2a8ac640d7fff,8
8a2a8a896227fff,2
8a2a8a896227fff,0
8a2a8ac605b7fff,15
8a2a8ad4a52ffff,15
8a2a8ac6c80ffff,7
8a2a8a892c87fff,0
8a2a8ac63107fff,2
8a2a8ac63107fff,15
8a2a8ac6569ffff,5
8a2a8ad4a527fff,15
8a2a8ac63b77fff,15
8a2a8ac61bb7fff,3
8a2a8a89241ffff,0
8a2a8a89241ffff,3
8a2a8a8937b7fff,6
8a2a8ac646d7fff,15
8a2a8ac65977fff,1
8a2a8ac65977fff,2
8a2a8ac65977fff,0
8a2a8ad4a28ffff,0
8a2a8ac61407fff,15
8a2a8ac66187fff,15
8a2a8ac6205ffff,15
8a2a8a892067fff,8
8a2a8a892067fff,11
8a2a8ac6cb47fff,6
8a2a8a892657fff,2
8a2a8a892657fff,3
8a2a8ac62957fff,15
8a2a8ad4a7b7fff,15
8a2a8ac66277fff,15
8a2a8ac6412ffff,2
8a2a8a8926effff,7
8a2a8a8926effff,2
8a2a8a8926effff,3
8a2a8ac63037fff,2
8a2a8ac60b67fff,5
8a2a8ac61997fff,3
8a2a8ac61997fff,5
8a2a8ac6386ffff,15
8a2a8ac62237fff,15
8a2a8ac63b4ffff,15
8a2a8a89298ffff,0
8a2a8ac65067fff,0
8a2a8ac65067fff,14
8a2a8ac6570ffff,5
8a2a8a89290ffff,2
8a2a8a89290ffff,0
8a2a8ac6094ffff,5
8a2a8ac638effff,15
8a2a8ac64ceffff,15
8a2a8ad4b42ffff,10
8a2a8ad4b42ffff,2
8a2a8ad48587fff,15
8a2a8ac6c777fff,3
8a2a8ac6c777fff,7
8a2a8ac64137fff,15
8a2a8ac64137fff,15
8a2a8ad4ba87fff,0
8a2a8a893417fff,6
8a2a8a8962a7fff,0
8a2a8ad4ab87fff,2
8a2a8ad4ab87fff,0
8a2a8a893407fff,6
8a2a8ac63957fff,2
8a2a8ac64b17fff,8
8a2a8ac62cc7fff,15
8a2a8ad4e29ffff,15
8a2a8ac64287fff,10
8a2a8ac64287fff,11
8a2a8ad4a80ffff,15
8a2a8ac64a67fff,1
8a2a8ac64a67fff,8
8a2a8ac64a67fff,10
8a2a8ac6162ffff,15
8a2a8a892737fff,2
8a2a8a892737fff,0
8a2a8a892737fff,3
8a2a8a892827fff,2
8a2a8a892827fff,0
8a2a8ac6158ffff,15
8a2a8ac61607fff,15
8a2a8ad4e647fff,15
8a2a8ac617affff,15
8a2a8ac62cd7fff,15
8a2a8a896747fff,0
8a2a8ad4a367fff,1
8a2a8ad4a367fff,0
8a2a8ad4b337fff,0
8a2a8ac640f7fff,2
8a2a8ac640f7fff,8
8a2a8ac6435ffff,0
8a2a8ad4a2f7fff,2
8a2a8ad4a2f7fff,0
8a2a8ac64437fff,15
8a2a8ac608dffff,5
8a2a8ac6c32ffff,10
8a2a8ac6c32ffff,7
8a2a8ac60067fff,5
8a2a8ac60067fff,12
8a2a8ac60067fff,15
8a2a8ac669a7fff,15
8a2a8a892c37fff,0
8a2a8a892c37fff,1
8a2a8a892c37fff,10
8a2a8a892c37fff,7
8a2a8ac66aa7fff,15
8a2a8ac66aa7fff,2
8a2a8ac63077fff,2
8a2a8a892887fff,0
8a2a8ac667a7fff,15
8a2a8a892b87fff,11
8a2a8a892b87fff,0
8a2a8ad4bad7fff,8
8a2a8ad4bad7fff,0
8a2a8ac6280ffff,15
8a2a8ac6526ffff,0
8a2a8ac630b7fff,15
8a2a8ac61157fff,3
8a2a8ac6648ffff,15
8a2a8ad4bd07fff,2
8a2a8ac645a7fff,15
8a2a8ac6cd5ffff,7
8a2a8ac6cd5ffff,3
8a2a8ac6cd5ffff,15
8a2a8ad4b68ffff,0
8a2a8ad4b68ffff,8
8a2a8ac61a57fff,3
8a2a8a8934effff,6
8a2a8ac63917fff,2
8a2a8ac64d47fff,15
8a2a8ac64d47fff,2
8a2a8ac6446ffff,2
8a2a8ac616f7fff,15
8a2a8a892017fff,10
8a2a8ac6112ffff,3
8a2a8ac62ad7fff,15
8a2a8ac6174ffff,15
8a2a8ac66ae7fff,15
8a2a8ac65027fff,14
8a2a8ac65027fff,4
8a2a8ac614d7fff,15
8a2a8a892917fff,0
8a2a8ac65c1ffff,4
8a2a8ac65db7fff,2
8a2a8ac65db7fff,1
8a2a8ac65db7fff,10
8a2a8ac6c0c7fff,3
8a2a8ac64a2ffff,1
8a2a8ac64a2ffff,3
8a2a8ad4ac47fff,15
8a2a8ad4b88ffff,2
8a2a8a8936effff,6
8a2a8ac66597fff,15
8a2a8ac60547fff,15
8a2a8ad485affff,15
8a2a8ac6134ffff,15
8a2a8ac60107fff,15
8a2a8ad4a09ffff,15
8a2a8ac66b97fff,15
8a2a8ac658effff,1
8a2a8ac658effff,11
8a2a8a8927a7fff,3
8a2a8ac6354ffff,15
8a2a8ac6c187fff,15
8a2a8ac60457fff,15
8a2a8ad484d7fff,2
8a2a8ad4ac1ffff,15
8a2a8ac604d7fff,15
8a2a8ac63aaffff,15
8a2a8ac6dda7fff,7
8a2a8ac63547fff,15
8a2a8ac6126ffff,15
8a2a8ac60917fff,8
8a2a8ad4a107fff,15
8a2a8ad4a107fff,0
8a2a8ac66b17fff,15
8a2a8ac66b17fff,2
8a2a8ac6c907fff,7
8a2a8ac6c907fff,10
8a2a8ac62117fff,15
8a2a8ad5b28ffff,15
8a2a8ac65a47fff,1
8a2a8ac65a47fff,0
8a2a8ac6caaffff,10
8a2a8ac6caaffff,7
8a2a8ad4b207fff,1
8a2a8ad4b207fff,2
8a2a8ac60087fff,11
8a2a8ac60087fff,2
8a2a8ac60087fff,15
8a2a8ac60117fff,13
8a2a8ac60117fff,15
8a2a8ac6c017fff,15
8a2a8ac660e7fff,15
8a2a8ad59ab7fff,15
8a2a8ac62c57fff,15
8a2a8ac609b7fff,15
8a2a8ac609b7fff,8
8a2a8ac609b7fff,15
8a2a8ac6cacffff,7
8a2a8a89674ffff,0
8a2a8ac63837fff,2
8a2a8ac63837fff,15
8a2a8a89259ffff,0
8a2a8a89259ffff,3
8a2a8ad4a4dffff,2
8a2a8ad5934ffff,15
8a2a8ad4b097fff,0
8a2a8ac6230ffff,15
8a2a8ad4b177fff,2
8a2a8ac6685ffff,15
8a2a8ad4bd77fff,2
8a2a8ad4a967fff,2
8a2a8ad4a967fff,15
8a2a8ac6439ffff,0
8a2a8ac6439ffff,11
8a2a8ac6dd17fff,7
8a2a8ad5b2affff,15
8a2a8ac63a5ffff,15
8a2a8ad4e38ffff,15
8a2a8a89049ffff,0
8a2a8ac648a7fff,15
8a2a8ac648a7fff,15
8a2a8ac648a7fff,0
8a2a8ac6c767fff,3
8a2a8a89378ffff,6
8a2a8ac6085ffff,5
8a2a8a89271ffff,3
8a2a8ac6555ffff,5
8a2a8ad4ac2ffff,15
8a2a8ac6188ffff,3
8a2a8ac62247fff,15
8a2a8ad4ab07fff,2
8a2a8ac66d0ffff,15
8a2a8ac6c307fff,10
8a2a8ac6c307fff,7
8a2a8ac6c307fff,10
8a2a8ac6c307fff,2
8a2a8ad4b017fff,0
8a2a8ac6524ffff,0
8a2a8ad4ad47fff,15
8a2a8ac656c7fff,5
8a2a8ac64a47fff,1
8a2a8ac64a47fff,10
8a2a8ac61ad7fff,3
8a2a8ac61ad7fff,15
8a2a8ac61637fff,15
8a2a8ad4a25ffff,2
8a2a8ad4a25ffff,9
8a2a8ac6575ffff,5
8a2a8a8962b7fff,0
8a2a8ad4badffff,8
8a2a8ad4badffff,0
8a2a8ad4aa9ffff,0
8a2a8ad4e677fff,15
8a2a8a892c5ffff,10
8a2a8ac6176ffff,15
8a2a8ac62b37fff,15
8a2a8ac60a6ffff,5
8a2a8ad4e22ffff,15
8a2a8ad4b297fff,0
8a2a8ac658c7fff,1
8a2a8ad4a76ffff,0
8a2a8ac606c7fff,2
8a2a8ac60907fff,8
8a2a8ac60907fff,10
8a2a8ad486f7fff,2
8a2a8a89342ffff,6
8a2a8ac60b0ffff,5
8a2a8ac64b97fff,11
8a2a8ac64b97fff,2
8a2a8ac61027fff,3
8a2a8ac6c867fff,6
8a2a8ac6c867fff,7
8a2a8ac65727fff,5
8a2a8ac6c317fff,10
8a2a8ac6c317fff,2
8a2a8ac641a7fff,15
8a2a8ac61b6ffff,3
8a2a8ac6091ffff,8
8a2a8ac6c0a7fff,15
8a2a8ac66257fff,15
8a2a8ac60a27fff,5
8a2a8ac62b4ffff,15
8a2a8ad4e28ffff,15
8a2a8ac6c31ffff,7
8a2a8ac6c31ffff,10
8a2a8ac648c7fff,2
8a2a8ac6416ffff,11
8a2a8ac6416ffff,2
8a2a8ac6cd97fff,15
8a2a8ac6398ffff,2
8a2a8ac6398ffff,15
8a2a8a89069ffff,1
8a2a8ac63b5ffff,15
8a2a8ac60347fff,5
8a2a8ac60347fff,15
8a2a8ac6150ffff,15
8a2a8a896477fff,0
8a2a8ac6629ffff,15
8a2a8ac6dd8ffff,7
8a2a8ad4a807fff,15
8a2a8ac61ca7fff,5
8a2a8ad4a887fff,15
8a2a8ac645affff,15
8a2a8ac654b7fff,5
8a2a8ac64a07fff,0
8a2a8ac64a07fff,1
8a2a8ac64a07fff,2
8a2a8ac64a07fff,8
8a2a8ac662d7fff,15
8a2a8ac62c17fff,15
8a2a8ac6586ffff,1
8a2a8ac6586ffff,0
8a2a8a896517fff,0
8a2a8ac6c727fff,3
8a2a8ac6c727fff,7
8a2a8ad5b267fff,15
8a2a8ac666e7fff,15
8a2a8ad4e31ffff,15
8a2a8ac60d77fff,15
8a2a8a896717fff,0
8a2a8ad4b45ffff,1
8a2a8ad4b45ffff,10
8a2a8ac65847fff,1
8a2a8ac65847fff,11
8a2a8ac65847fff,0
8a2a8ac61097fff,15
8a2a8ac6c057fff,7
8a2a8ac6c057fff,3
8a2a8ac6c057fff,15
8a2a8ac64a87fff,2
8a2a8ac64a87fff,8
8a2a8ad4a327fff,0
8a2a8ad4b55ffff,8
8a2a8ad4b55ffff,10
8a2a8ad4b55ffff,2
8a2a8ac66307fff,15
8a2a8ad4ac8ffff,15
8a2a8ac6c90ffff,7
8a2a8ac6c90ffff,10
8a2a8ac63ad7fff,15
8a2a8ac668f7fff,15
8a2a8ad4a00ffff,0
8a2a8ac66617fff,15
8a2a8ac66377fff,15
8a2a8ac6044ffff,2
8a2a8ac6044ffff,15
8a2a8ac61d27fff,5
8a2a8ac64adffff,0
8a2a8ad4b19ffff,0
8a2a8a89268ffff,3
8a2a8ad48577fff,2
8a2a8ad48577fff,15
8a2a8ad4a337fff,0
8a2a8ac6cac7fff,7
8a2a8ac61c2ffff,5
8a2a8ac654d7fff,5
8a2a8ac6670ffff,15
8a2a8ad59b77fff,2
8a2a8ac6654ffff,15
8a2a8ac638d7fff,15
8a2a8ac6145ffff,15
8a2a8ac60a67fff,5
8a2a8ad4bd6ffff,2
8a2a8ad59a67fff,15
8a2a8ad4e2d7fff,15
8a2a8ac66c87fff,15
8a2a8ac61c9ffff,15
8a2a8ac66667fff,15
8a2a8ac65887fff,1
8a2a8a892ac7fff,1
8a2a8a892ac7fff,0
8a2a8a892c67fff,10
8a2a8a892c67fff,0
8a2a8ac6cadffff,10
8a2a8ac6cadffff,7
8a2a8ac6cadffff,7
8a2a8ac6c01ffff,15
8a2a8ad4b457fff,10
8a2a8ac65aa7fff,1
8a2a8ac65aa7fff,2
8a2a8ac65aa7fff,0
8a2a8ac65aa7fff,4
8a2a8ac66917fff,15
8a2a8ac6075ffff,2
8a2a8ac612b7fff,15
8a2a8ac61667fff,15
8a2a8ac65b97fff,2
8a2a8ac65b97fff,1
8a2a8ac65b97fff,4
8a2a8ac653affff,11
8a2a8ad4ac07fff,15
8a2a8ac63d1ffff,15
8a2a8ac6478ffff,15
8a2a8ac6478ffff,2
8a2a8ac63407fff,15
8a2a8ac63c47fff,2
8a2a8ac63c47fff,15
8a2a8ac61ae7fff,3
8a2a8ac6496ffff,2
8a2a8ac6014ffff,5
8a2a8ac6014ffff,15
8a2a8a896397fff,0
8a2a8ac60c6ffff,15
8a2a8ad4e6a7fff,15
8a2a8a892cdffff,0
8a2a8a892cdffff,10
8a2a8ac65547fff,5
8a2a8ac6cba7fff,6
8a2a8ac6cba7fff,7
8a2a8ad4a0cffff,0
8a2a8ac610effff,15
8a2a8a892687fff,3
8a2a8ac65157fff,14
8a2a8ac65157fff,4
8a2a8ad4809ffff,0
8a2a8ac64cf7fff,15
8a2a8ad4a317fff,0
8a2a8ac652effff,0
8a2a8ac652effff,2
8a2a8ac65a8ffff,0
8a2a8ac65a8ffff,1
8a2a8ad5b277fff,15
8a2a8a8929b7fff,0
8a2a8a8920effff,13
8a2a8a8920effff,10
8a2a8ad4a75ffff,15
8a2a8ad4a75ffff,0
8a2a8ad4acaffff,15
8a2a8ac6006ffff,5
8a2a8ac6006ffff,15
8a2a8ac6cd4ffff,3
8a2a8ad59a97fff,15
8a2a8ad4b037fff,0
8a2a8ad4ad07fff,15
8a2a8ac61d67fff,5
8a2a8ac651a7fff,4
8a2a8ac651a7fff,5
8a2a8ad59207fff,15
8a2a8ad4b40ffff,10
8a2a8ad4b40ffff,2
8a2a8a892307fff,1
8a2a8a892307fff,8
8a2a8ad4b717fff,0
8a2a8ad5b377fff,15
8a2a8ac6646ffff,15
8a2a8ac615b7fff,15
8a2a8ac63327fff,15
8a2a8a896457fff,0
8a2a8ad486dffff,2
8a2a8a89218ffff,10
8a2a8ad4b3affff,0
8a2a8ac640a7fff,15
8a2a8ac640a7fff,2
8a2a8ac63c67fff,2
8a2a8ac616a7fff,15
8a2a8ac610dffff,15
8a2a8ac6cb37fff,6
8a2a8ac61707fff,15
8a2a8a896327fff,0
8a2a8ac6c957fff,7
8a2a8ac6c957fff,10
8a2a8ad4b627fff,0
8a2a8ac6ca8ffff,10
8a2a8ac6ca8ffff,7
8a2a8ac6ca8ffff,2
8a2a8ad4bd47fff,2
8a2a8ad4bc1ffff,0
8a2a8ad4bc1ffff,2
8a2a8a892097fff,0
8a2a8ad5978ffff,15
8a2a8a892af7fff,0
8a2a8ad4e66ffff,15
8a2a8ad4e6effff,15
8a2a8ad4e2e7fff,15
8a2a8ac65907fff,1
8a2a8ac65907fff,0
8a2a8ad4b5b7fff,2
8a2a8ad4b5b7fff,2
8a2a8ad4b5b7fff,9
8a2a8ac64997fff,15
8a2a8ac61b67fff,3
8a2a8ac64567fff,2
8a2a8ac6626ffff,15
8a2a8ad4819ffff,0
8a2a8ac6298ffff,15
8a2a8ac64b0ffff,3
8a2a8ac64b0ffff,8
8a2a8ac61d17fff,5
8a2a8ac65857fff,1
8a2a8ac65857fff,11
8a2a8ac656a7fff,5
8a2a8ac653a7fff,11
8a2a8ac65137fff,4
8a2a8ac65137fff,5
8a2a8ac66607fff,15
8a2a8ac618dffff,3
8a2a8ad596c7fff,15
8a2a8ad59257fff,15
8a2a8ac64447fff,2
8a2a8ad59b67fff,2
8a2a8ac6c197fff,15
8a2a8ac60427fff,15
8a2a8a892ab7fff,11
8a2a8a892ab7fff,0
8a2a8ac654cffff,5
8a2a8ac60447fff,15
8a2a8ac60707fff,2
8a2a8ac6051ffff,15
8a2a8ac65237fff,2
8a2a8ac65237fff,11
8a2a8ac64507fff,15
8a2a8ac60537fff,15
8a2a8ad4b4effff,10
8a2a8ad4e2effff,15
8a2a8ad4adb7fff,15
8a2a8ad4ad57fff,15
8a2a8ad4a0effff,0
8a2a8ac6c96ffff,6
8a2a8ac63cc7fff,15
8a2a8ac66c9ffff,15
8a2a8ac63b17fff,15
8a2a8ad5969ffff,15
8a2a8ad48717fff,0
8a2a8a89231ffff,0
8a2a8a89231ffff,1
8a2a8a89231ffff,8
8a2a8ac61537fff,15
8a2a8ad4a2cffff,2
8a2a8ad4a2cffff,2
8a2a8ad4a2cffff,9
8a2a8ac62a0ffff,15
8a2a8a8964affff,0
8a2a8ac61007fff,3
8a2a8ac61007fff,15
8a2a8ad4b1affff,0
8a2a8a8964dffff,0
8a2a8ac613a7fff,15
8a2a8ad4b057fff,0
8a2a8ad4b057fff,2
8a2a8ac6090ffff,8
8a2a8ac6090ffff,10
8a2a8a89246ffff,2
8a2a8a89246ffff,0
8a2a8a89246ffff,3
8a2a8ac64c47fff,15
8a2a8ac64c47fff,15
8a2a8ac616affff,15
8a2a8ac64627fff,2
8a2a8ac6c02ffff,7
8a2a8ac6c02ffff,15
8a2a8ac64677fff,8
8a2a8ac64677fff,2
8a2a8ac60947fff,5
8a2a8ac6c387fff,10
8a2a8ac6c387fff,3
8a2a8a8922affff,0
8a2a8a8922affff,10
8a2a8ac6215ffff,2
8a2a8ac6215ffff,15
8a2a8ad4a637fff,15
8a2a8a892caffff,13
8a2a8a892caffff,0
8a2a8ac62b57fff,15
8a2a8ac668c7fff,15
8a2a8ac6482ffff,2
8a2a8ac63007fff,2
8a2a8ac6c707fff,7
8a2a8ac6679ffff,15
8a2a8ad4854ffff,0
8a2a8ac640affff,2
8a2a8ac60c27fff,15
8a2a8a892adffff,1
8a2a8ac62307fff,2
8a2a8ac62307fff,15
8a2a8ad5d25ffff,15
8a2a8ac65877fff,1
8a2a8ac65877fff,11
8a2a8ac62567fff,15
8a2a8a89270ffff,3
8a2a8ad4a54ffff,15
8a2a8ac62a67fff,15
8a2a8a896507fff,0
8a2a8a892517fff,0
8a2a8ad4b4b7fff,2
8a2a8ac64957fff,2
8a2a8ac6440ffff,15
8a2a8ac6440ffff,2
8a2a8ac61b2ffff,3
8a2a8ac6668ffff,15
8a2a8ac75927fff,15
8a2a8ac6c82ffff,7
8a2a8ac6c82ffff,10
8a2a8a89671ffff,0
8a2a8ac66127fff,15
8a2a8ad4ad9ffff,15
8a2a8ac65967fff,1
8a2a8ac65967fff,11
8a2a8ac64877fff,2
8a2a8ad4a467fff,15
8a2a8ac6506ffff,0
8a2a8ac63867fff,15
8a2a8ac60bb7fff,5
8a2a8ad4aa8ffff,0
8a2a8ac662effff,15
8a2a8ac6c89ffff,7
8a2a8ac6c89ffff,15
8a2a8a896317fff,0
8a2a8a8936dffff,6
8a2a8a8936dffff,7
8a2a8ad5962ffff,15
8a2a8ac647b7fff,15
8a2a8ac647b7fff,2
8a2a8ac601b7fff,2
8a2a8a892c47fff,10
8a2a8a892877fff,0
8a2a8ac656effff,5
8a2a8ac6598ffff,11
8a2a8ad4ad8ffff,15
8a2a8a8924e7fff,0
8a2a8a8924e7fff,3
8a2a8ad4856ffff,0
8a2a8ad4a6e7fff,15
8a2a8ac604f7fff,15
8a2a8ac6cd87fff,3
8a2a8ac6cd87fff,15
8a2a8ac60297fff,2
8a2a8ad4b8f7fff,2
8a2a8ac6590ffff,1
8a2a8ac6590ffff,2
8a2a8ac6590ffff,0
8a2a8ad4b52ffff,10
8a2a8ad4b52ffff,3
8a2a8ac609a7fff,8
8a2a8ad4b65ffff,11
8a2a8ad4b65ffff,0
8a2a8ac66c1ffff,15
8a2a8ac66c1ffff,9
8a2a8ad4a8b7fff,15
8a2a8ad48487fff,2
8a2a8ac614dffff,15
8a2a8ad4a50ffff,15
8a2a8a892397fff,13
8a2a8a892397fff,3
8a2a8ac60a57fff,5
8a2a8ac6615ffff,15
8a2a8ac6cb0ffff,6
8a2a8a892597fff,0
8a2a8a892597fff,3
8a2a8a892597fff,2
8a2a8a89620ffff,2
8a2a8ad4b567fff,0
8a2a8ad4b567fff,1
8a2a8a892cc7fff,10
8a2a8ac62927fff,15
8a2a8a89361ffff,6
8a2a8a8934cffff,6
8a2a8ad4a207fff,0
8a2a8ad4e617fff,15
8a2a8ac66767fff,15
8a2a8ac60407fff,15
8a2a8ac66cc7fff,9
8a2a8a8928effff,11
8a2a8a8928effff,0
8a2a8ad4a49ffff,2
8a2a8ac658a7fff,11
8a2a8ac658a7fff,1
8a2a8ac60acffff,5
8a2a8ac65b77fff,0
8a2a8ac666dffff,15
8a2a8ad59a2ffff,15
8a2a8ad59a2ffff,2
8a2a8ad4bc37fff,1
8a2a8ad4bc37fff,2
8a2a8ac618e7fff,3
8a2a8ac61acffff,3
8a2a8ac61acffff,15
8a2a8ac6699ffff,15
8a2a8ad4b2d7fff,0
8a2a8ac63c07fff,15
8a2a8ac60ad7fff,5
8a2a8ac638c7fff,15
8a2a8ac66977fff,15
8a2a8ac6695ffff,15
8a2a8ac618f7fff,3
8a2a8ad590effff,15
8a2a8ad4b8a7fff,2
8a2a8ac61c87fff,5
8a2a8ac61c87fff,15
8a2a8ac63a4ffff,15
8a2a8a8926c7fff,2
8a2a8a8926c7fff,3
8a2a8ac6560ffff,5
8a2a8ac6358ffff,15
8a2a8ad4b01ffff,0
8a2a8ac65a5ffff,1
8a2a8ac65a5ffff,0
8a2a8ac66ab7fff,15
8a2a8ac66ab7fff,2
8a2a8ac6422ffff,0
8a2a8ac610e7fff,15
8a2a8ac64837fff,2
8a2a8ac64837fff,0
8a2a8ad4a797fff,15
8a2a8ad4a797fff,2
8a2a8ac62caffff,15
8a2a8ac64397fff,0
8a2a8a892587fff,0
8a2a8ac61cd7fff,5
8a2a8ac61cd7fff,15
8a2a8ac6cc57fff,15
8a2a8a892697fff,3
8a2a8ac66717fff,15
8a2a8ac65577fff,5
8a2a8ac64d8ffff,15
8a2a8ad593a7fff,15
8a2a8ac61357fff,15
8a2a8ac6402ffff,8
8a2a8ac66b9ffff,15
8a2a8ac66b9ffff,2
8a2a8a892c6ffff,10
8a2a8a892c6ffff,0
8a2a8ac61127fff,3
8a2a8ad59bb7fff,15
8a2a8ad59bb7fff,2
8a2a8ad5b387fff,15
8a2a8ac6492ffff,0
8a2a8ad4a4affff,15
8a2a8ad4a4affff,2
8a2a8ac6c11ffff,15
8a2a8ac6c8f7fff,7
8a2a8ac6c8f7fff,3
8a2a8ad4b35ffff,0
8a2a8a8934b7fff,6
8a2a8a893787fff,6
8a2a8ad486e7fff,2
8a2a8ac61b47fff,3
8a2a8ac65097fff,5
8a2a8ac6355ffff,15
8a2a8ac6c98ffff,7
8a2a8ac6c98ffff,11
8a2a8ac6c98ffff,3
8a2a8ad4b617fff,0
8a2a8a896c9ffff,0
8a2a8ad4accffff,15
8a2a8ad48cdffff,15
8a2a8ac65b0ffff,0
8a2a8ad4a167fff,0
8a2a8ad4aae7fff,0
8a2a8ac6ca5ffff,7
8a2a8ad4b50ffff,10
8a2a8ad4b50ffff,3
8a2a8ad4bceffff,0
8a2a8ad5964ffff,15
8a2a8ad4b197fff,0
8a2a8ac66467fff,15
8a2a8ac628d7fff,15
8a2a8a892d77fff,0
8a2a8ac64d07fff,15
8a2a8ac64d07fff,2
8a2a8ac6082ffff,5
8a2a8ac64377fff,0
8a2a8ac667affff,15
8a2a8ac66877fff,15
8a2a8ad4bacffff,8
8a2a8ad4bacffff,0
8a2a8ac60d9ffff,15
8a2a8ad48797fff,0
8a2a8ad48797fff,2
8a2a8ad48797fff,1
8a2a8ac642f7fff,10
8a2a8ac642f7fff,0
8a2a8ad4b58ffff,2
8a2a8ac63af7fff,15
8a2a8ad5d36ffff,15
8a2a8ac66077fff,15
8a2a8ac64157fff,10
8a2a8ac64157fff,8
8a2a8ac64157fff,11
8a2a8ac64157fff,2
8a2a8ac65047fff,0
8a2a8ac65047fff,11
8a2a8ac65047fff,14
8a2a8ac6c8effff,7
8a2a8ad4ab37fff,2
8a2a8ac65397fff,5
8a2a8ac652a7fff,2
8a2a8ac652a7fff,11
8a2a8ac652a7fff,5
8a2a8ac6561ffff,5
8a2a8ac6c137fff,15
8a2a8a89629ffff,2
8a2a8a89629ffff,0
8a2a8ac6160ffff,15
8a2a8ad48527fff,15
8a2a8ac65aaffff,1
8a2a8ac65aaffff,2
8a2a8ac65aaffff,0
8a2a8ad59b6ffff,2
8a2a8ac65487fff,5
8a2a8ad59a27fff,2
8a2a8ac62a2ffff,15
8a2a8a892467fff,0
8a2a8ad4b0effff,0
8a2a8ad4b0effff,2
8a2a8ad4b087fff,0
8a2a8ac6c217fff,10
8a2a8ac66a67fff,15
8a2a8ac616b7fff,15
8a2a8ac63cb7fff,15
8a2a8ad4b8dffff,2
8a2a8ac601affff,13
8a2a8ac601affff,2
8a2a8a892717fff,3
8a2a8ac64d27fff,15
8a2a8ac64d27fff,2
8a2a8a8965a7fff,11
8a2a8a8965a7fff,0
8a2a8ac62a6ffff,15
8a2a8ac6350ffff,15
8a2a8ac644f7fff,15
8a2a8a89348ffff,6
8a2a8a89650ffff,0
8a2a8ac6028ffff,2
8a2a8ac6028ffff,15
8a2a8ad4e75ffff,15
8a2a8ac66b07fff,15
8a2a8ac6cc5ffff,15
8a2a8ac6dd87fff,7
8a2a8a8927affff,3
8a2a8ac646e7fff,15
8a2a8ac646e7fff,2
8a2a8ad5b307fff,15
8a2a8ac62127fff,15
8a2a8ac6c817fff,7
8a2a8ac6c817fff,11
8a2a8ac6c817fff,3
8a2a8a892057fff,1
8a2a8a892057fff,10
8a2a8a892057fff,11
8a2a8ad4849ffff,2
8a2a8ac661a7fff,15
8a2a8ad4a8f7fff,15
8a2a8ad4a8f7fff,0
8a2a8ad4a027fff,0
8a2a8ac6105ffff,15
8a2a8ac61757fff,15
8a2a8ac62bb7fff,15
8a2a8ac6194ffff,3
8a2a8ac62d57fff,15
8a2a8ad5b25ffff,15
8a2a8ac6ca6ffff,6
8a2a8ac6ca6ffff,7
8a2a8ac6675ffff,15
8a2a8ac6ca0ffff,7
8a2a8ad592e7fff,15
8a2a8a89308ffff,15
8a2a8ad5915ffff,15
8a2a8ac65867fff,1
8a2a8ac65867fff,11
8a2a8ac65867fff,0
8a2a8ad4b377fff,0
8a2a8ad4b377fff,8
8a2a8ac60787fff,15
8a2a8ac661affff,15
8a2a8a8922d7fff,2
8a2a8a8922d7fff,10
8a2a8a8936a7fff,6
8a2a8ac61b07fff,3
8a2a8ac65b4ffff,0
8a2a8ac6415ffff,10
8a2a8ac6415ffff,8
8a2a8ac6016ffff,5
8a2a8ad4acc7fff,15
8a2a8ad590cffff,15
8a2a8ac66007fff,15
8a2a8ac6472ffff,2
8a2a8ac6472ffff,8
8a2a8a89645ffff,0
8a2a8ad4ab5ffff,2
8a2a8ac6095ffff,5
8a2a8ad4b25ffff,11
8a2a8ad4b25ffff,0
8a2a8ac6cc97fff,15
8a2a8ad4e7affff,15
8a2a8ac61aa7fff,3
8a2a8ac62977fff,15
8a2a8ad4b2effff,1
8a2a8ad4b2effff,11
8a2a8ad4b2effff,0
8a2a8a8923b7fff,13
8a2a8a8923b7fff,10
8a2a8ac75b2ffff,15
8a2a8ac66ccffff,15
8a2a8ac66ccffff,9
8a2a8ac64807fff,2
8a2a8ac606f7fff,2
8a2a8ac6606ffff,15
8a2a8ac60697fff,15
8a2a8a89362ffff,15
8a2a8a89362ffff,6
8a2a8ad4b607fff,0
8a2a8a8924affff,3
8a2a8ac63d07fff,2
8a2a8ac63d07fff,15
8a2a8ac65917fff,11
8a2a8ac65917fff,1
8a2a8ac65917fff,0
8a2a8ac65d17fff,0
8a2a8ac65d17fff,1
8a2a8ac65d17fff,10
8a2a8ac66037fff,15
8a2a8ac61c1ffff,5
8a2a8ac640effff,0
8a2a8ac640effff,8
8a2a8a892367fff,1
8a2a8a89296ffff,2
8a2a8ad4a897fff,15
8a2a8a89299ffff,0
8a2a8a8928e7fff,0
8a2a8a893447fff,6
8a2a8ac6574ffff,5
8a2a8ad48497fff,2
8a2a8ad593b7fff,15
8a2a8ac63a07fff,15
8a2a8ac6614ffff,15
8a2a8ac64b57fff,1
8a2a8ac64b57fff,3
8a2a8ac65b37fff,2
8a2a8ac65b37fff,1
8a2a8ac65b37fff,0
8a2a8a89220ffff,0
8a2a8a8966d7fff,0
8a2a8ac6518ffff,4
8a2a8ac6518ffff,5
8a2a8ac656dffff,5
8a2a8ac66337fff,15
8a2a8ac61af7fff,3
8a2a8a896237fff,0
8a2a8ac60477fff,15
8a2a8ad4a39ffff,0
8a2a8ad4ac4ffff,15
8a2a8a893727fff,6
8a2a8a893727fff,15
8a2a8ad4a94ffff,2
8a2a8ad4a94ffff,15
8a2a8ac63cdffff,15
8a2a8ac6529ffff,5
8a2a8a892487fff,3
8a2a8a8924a7fff,3
8a2a8ac6254ffff,15
8a2a8ac6282ffff,15
8a2a8ac6602ffff,15
8a2a8ad4b737fff,0
8a2a8ad4b737fff,2
8a2a8ac62997fff,15
8a2a8ac6102ffff,3
8a2a8ac6102ffff,15
8a2a8a89285ffff,0
8a2a8ad4a2dffff,2
8a2a8ad4a2dffff,0
8a2a8ad4aa6ffff,2
8a2a8ad4aa6ffff,1
8a2a8ac63167fff,15
8a2a8ad4a84ffff,2
8a2a8ad4a84ffff,15
8a2a8ac65c6ffff,4
8a2a8ac65c6ffff,1
8a2a8ac65c6ffff,5
8a2a8ac658affff,14
8a2a8ac658affff,11
8a2a8ac658affff,1
8a2a8ac63057fff,2
8a2a8ac60197fff,2
8a2a8ad4b317fff,0
8a2a8ac62a1ffff,15
8a2a8a8926dffff,3
8a2a8ad4a60ffff,15
8a2a8ac60ab7fff,5
8a2a8ac65d57fff,0
8a2a8ac65d57fff,1
8a2a8ac63a17fff,15
8a2a8ac60517fff,15
8a2a8ac62b17fff,15
8a2a8ac6256ffff,15
8a2a8a892c07fff,1
8a2a8a892c07fff,10
8a2a8ac6cd8ffff,15
8a2a8ac648dffff,11
8a2a8ac648dffff,2
8a2a8ac6c967fff,6
8a2a8ac6c967fff,7
8a2a8ac6c967fff,2
8a2a8ac6c967fff,10
8a2a8ad4b26ffff,0
8a2a8ad4bc67fff,2
8a2a8ac60db7fff,15
8a2a8ac64a0ffff,0
8a2a8ac64a0ffff,1
8a2a8ad48567fff,0
8a2a8ad48567fff,15
8a2a8ac64827fff,2
8a2a8ac64827fff,0
8a2a8ac61a1ffff,3
8a2a8ac6585ffff,2
8a2a8ac6585ffff,1
8a2a8ac6585ffff,11
8a2a8ac6086ffff,5
8a2a8ac60977fff,5
8a2a8ac60977fff,10
8a2a8ac63c27fff,2
8a2a8ac63c27fff,15
8a2a8ac60daffff,15
8a2a8ac62ccffff,15
8a2a8a8920d7fff,13
8a2a8a8920d7fff,3
8a2a8ad4e69ffff,15
8a2a8ac60c4ffff,13
8a2a8ac60c4ffff,15
8a2a8ac6061ffff,2
8a2a8a89354ffff,6
8a2a8a89354ffff,15
8a2a8a892a67fff,1
8a2a8ad48787fff,0
8a2a8ad48787fff,1
8a2a8ad4a20ffff,9
8a2a8ad4a20ffff,0
8a2a8ac6cc07fff,15
8a2a8ac62cf7fff,15
8a2a8ac644dffff,15
8a2a8ac64c67fff,15
8a2a8ac64787fff,15
8a2a8ac64787fff,2
8a2a8a892447fff,0
8a2a8ad4b29ffff,0
8a2a8ad4b06ffff,0
8a2a8ad4ab57fff,2
8a2a8ad4ab57fff,0
8a2a8ad4865ffff,2
8a2a8ac60137fff,15
8a2a8ac62917fff,15
8a2a8ac65637fff,5
8a2a8a892977fff,2
8a2a8ac6089ffff,15
8a2a8a892c2ffff,1
8a2a8a892c2ffff,10
8a2a8a892c2ffff,2
8a2a8ad5928ffff,15
8a2a8ad59237fff,15
8a2a8ac6cd1ffff,3
8a2a8ac6196ffff,3
8a2a8ad4ad27fff,15
8a2a8ac649affff,0
8a2a8a892c1ffff,13
8a2a8a892c1ffff,10
8a2a8ac60837fff,8
8a2a8ac607affff,2
8a2a8ac607affff,15
8a2a8ad4a6dffff,15
8a2a8ad4a6dffff,2
8a2a8ad59b1ffff,15
8a2a8ad59b1ffff,2
8a2a8ad48c9ffff,15
8a2a8a893577fff,6
8a2a8a893577fff,15
8a2a8ac6065ffff,2
8a2a8ac61d97fff,5
8a2a8ad4b34ffff,0
8a2a8ad4b34ffff,8
8a2a8ac61487fff,15
8a2a8a892baffff,0
8a2a8ad4aa4ffff,1
8a2a8ad4aa4ffff,2
8a2a8ad4aa4ffff,1
8a2a8ac66b77fff,15
8a2a8ac60a87fff,5
8a2a8a892437fff,0
8a2a8a892437fff,3
8a2a8ac63567fff,15
8a2a8ad5966ffff,15
8a2a8ac66867fff,15
8a2a8ac644c7fff,15
8a2a8ac6c05ffff,3
8a2a8ac6444ffff,2
8a2a8ac644b7fff,15
8a2a8ac66d77fff,15
8a2a8ac6dd0ffff,7
8a2a8ac66147fff,15
8a2a8ac6658ffff,15
8a2a8ac664e7fff,15
8a2a8ac6ca47fff,6
8a2a8ac6ca47fff,7
8a2a8ac61b1ffff,3
8a2a8ac60247fff,15
8a2a8a8963a7fff,0
8a2a8ac60567fff,2
8a2a8ac60567fff,15
8a2a8a89264ffff,7
8a2a8a89264ffff,2
8a2a8ad4a41ffff,15
8a2a8ad4a41ffff,2
8a2a8ac63467fff,15
8a2a8ad592a7fff,15
8a2a8ac63c0ffff,15
8a2a8ac66baffff,2
8a2a8a892747fff,3
8a2a8a896307fff,0
8a2a8ac61777fff,15
8a2a8ac6494ffff,2
8a2a8ad4aa97fff,0
8a2a8ac66067fff,15
8a2a8ad590dffff,15
8a2a8ac6620ffff,15
8a2a8ac65767fff,5
8a2a8a8920cffff,13
8a2a8a8920cffff,3
8a2a8ac61427fff,15
8a2a8ac6c367fff,7
8a2a8ac6c367fff,7
8a2a8ac656b7fff,5
8a2a8ad48597fff,15
8a2a8ad4ac57fff,15
8a2a8ac602f7fff,15
8a2a8ac6450ffff,15
8a2a8ac62057fff,15
8a2a8ac64257fff,0
8a2a8ac60497fff,15
8a2a8ac6299ffff,15
8a2a8ac60cc7fff,2
8a2a8ac60cc7fff,15
8a2a8ac6232ffff,15
8a2a8ac64c6ffff,15
8a2a8a8927b7fff,3
8a2a8ac64c4ffff,15
8a2a8ac64c4ffff,15
8a2a8a89349ffff,6
8a2a8ac662a7fff,15
8a2a8ac6304ffff,1
8a2a8ac6304ffff,2
8a2a8ac6304ffff,15
8a2a8ac65cdffff,5
8a2a8a892237fff,0
8a2a8a892237fff,1
8a2a8ac6414ffff,10
8a2a8ac6414ffff,8
8a2a8ac6414ffff,2
8a2a8ad4b89ffff,2
8a2a8ac63417fff,15
8a2a8ac6476ffff,0
8a2a8ac6476ffff,2
8a2a8a89678ffff,0
8a2a8a892d67fff,0
8a2a8ac61137fff,3
8a2a8ac63427fff,15
8a2a8ac6c007fff,15
8a2a8ac63027fff,2
8a2a8ac6692ffff,15
8a2a8ac60b87fff,5
8a2a8ac62987fff,15
8a2a8ac64037fff,15
8a2a8ac64037fff,8
8a2a8ac64037fff,2
8a2a8ac6cc67fff,7
8a2a8ac6cc67fff,3
8a2a8ac6cc67fff,15
8a2a8ad4e6e7fff,15
8a2a8ad4869ffff,2
8a2a8ad4869ffff,1
8a2a8ad4ab0ffff,2
8a2a8ad4ab0ffff,0
8a2a8ac6dc37fff,7
8a2a8ac6c0effff,3
8a2a8ac6c0effff,15
8a2a8a892d2ffff,0
8a2a8ac617a7fff,15
8a2a8ad4a95ffff,2
8a2a8ad4a95ffff,15
8a2a8ac62acffff,15
8a2a8ac6425ffff,0
8a2a8ac65c0ffff,4
8a2a8ac64097fff,2
8a2a8ac6528ffff,3
8a2a8ac6528ffff,5
8a2a8ad4a86ffff,2
8a2a8a8923a7fff,1
8a2a8a8923a7fff,8
8a2a8a8923a7fff,10
8a2a8ac61c37fff,5
8a2a8a896767fff,0
8a2a8ac64757fff,2
8a2a8ac62c67fff,15
8a2a8ac6c877fff,7
8a2a8ac660f7fff,15
8a2a8ac6659ffff,15
8a2a8ac65177fff,7
8a2a8ac65177fff,4
8a2a8ad4b0c7fff,2
8a2a8ac6c847fff,6
8a2a8ac6c847fff,7
8a2a8a892aeffff,1
8a2a8ac66af7fff,15
8a2a8ac65017fff,4
8a2a8ac65017fff,5
8a2a8a892377fff,0
8a2a8a892377fff,1
8a2a8ac60ccffff,2
8a2a8ac62227fff,15
8a2a8ac61d87fff,5
8a2a8ac60cb7fff,15
8a2a8ac65127fff,7
8a2a8ac65127fff,14
8a2a8ac65127fff,4
8a2a8ac63977fff,2
8a2a8ac63977fff,15
8a2a8ad484c7fff,2
8a2a8ac602e7fff,15
8a2a8ad4b8b7fff,2
8a2a8ac6316ffff,15
8a2a8ac65327fff,0
8a2a8ac66a0ffff,15
8a2a8ad5984ffff,2
8a2a8ac64347fff,0
8a2a8ac6458ffff,15
8a2a8a89225ffff,6
8a2a8a89225ffff,0
8a2a8a89251ffff,0
8a2a8ad4b70ffff,0
8a2a8ac6cd9ffff,15
8a2a8ac65537fff,5
8a2a8ad4ad1ffff,15
8a2a8ad4a08ffff,15
8a2a8ac64cdffff,15
8a2a8ac64cdffff,2
8a2a8ac64387fff,0
8a2a8ac6001ffff,11
8a2a8ac6001ffff,7
8a2a8ac660b7fff,15
8a2a8a892957fff,2
8a2a8a892957fff,0
8a2a8a896657fff,0
8a2a8a89352ffff,15
8a2a8ac62897fff,15
8a2a8ad4b22ffff,0
8a2a8ad4b22ffff,2
8a2a8ad4ab97fff,0
8a2a8ac6c85ffff,6
8a2a8ac6c85ffff,7
8a2a8a892d0ffff,0
8a2a8ad4b127fff,2
8a2a8ac61587fff,15
8a2a8ac65657fff,5
8a2a8ac60d47fff,15
8a2a8ac60d47fff,15
8a2a8ad4ab17fff,2
8a2a8ad4a11ffff,15
8a2a8ad4a11ffff,0
8a2a8ac6186ffff,3
8a2a8ac6576ffff,5
8a2a8ad5939ffff,15
8a2a8a89255ffff,0
8a2a8ac64b4ffff,1
8a2a8ac64b4ffff,8
8a2a8ac64b4ffff,10
8a2a8ad4ab1ffff,2
8a2a8ad4ab1ffff,0
8a2a8ac66b47fff,15
8a2a8a896777fff,0
8a2a8ac65737fff,5
8a2a8ac75967fff,15
8a2a8ac62197fff,15
8a2a8ac652c7fff,0
8a2a8ac652c7fff,3
8a2a8ac652c7fff,2
8a2a8ac65717fff,5
8a2a8ad4b21ffff,0
8a2a8ad4b21ffff,1
8a2a8ac66c2ffff,15
8a2a8ac6592ffff,1
8a2a8ac6592ffff,1
8a2a8ac6592ffff,0
8a2a8ac64367fff,0
8a2a8ac62b6ffff,15
8a2a8ac66747fff,15
8a2a8ac64b87fff,8
8a2a8ac64b87fff,2
8a2a8a892197fff,0
8a2a8a892197fff,10
8a2a8ac6460ffff,2
8a2a8a892d27fff,0
8a2a8ad4ada7fff,15
8a2a8ac63a9ffff,15
8a2a8ac6cd47fff,3
8a2a8a8964cffff,0
8a2a8a89679ffff,0
8a2a8ac6428ffff,10
8a2a8ad59a37fff,15
8a2a8ad59a37fff,2
8a2a8ac6292ffff,15
8a2a8a893757fff,15
8a2a8a893757fff,6
8a2a8ac61977fff,3
8a2a8ad596b7fff,15
8a2a8ac613affff,15
8a2a8ac65597fff,5
8a2a8ac65597fff,10
8a2a8ac65597fff,0
8a2a8ac64b67fff,3
8a2a8ac64b67fff,10
8a2a8ac65c97fff,7
8a2a8ac65c97fff,2
8a2a8ac65c97fff,0
8a2a8ad4a677fff,15
8a2a8ac6680ffff,15
8a2a8ac61347fff,15
8a2a8ad59677fff,15
8a2a8ac60c2ffff,15
8a2a8ac6652ffff,15
8a2a8ac6652ffff,9
8a2a8ac61a0ffff,3
8a2a8ac63c6ffff,2
8a2a8ac63c6ffff,15
8a2a8a89301ffff,15
8a2a8ac6009ffff,2
8a2a8ac6009ffff,11
8a2a8ac6009ffff,15
8a2a8ac65377fff,0
8a2a8ac60d37fff,15
8a2a8ac65387fff,2
8a2a8ac65387fff,11
8a2a8ac65387fff,5
8a2a8ac6000ffff,7
8a2a8ac6000ffff,12
8a2a8ac6000ffff,15
8a2a8ac62857fff,15
8a2a8ac65aeffff,1
8a2a8ac631affff,2
8a2a8ac6514ffff,0
8a2a8ac6514ffff,1
8a2a8ac6514ffff,14
8a2a8ac6514ffff,4
8a2a8ac6c0e7fff,15
8a2a8ac6664ffff,15
8a2a8ad4e65ffff,15
8a2a8ac61787fff,15
8a2a8ac62af7fff,15
8a2a8ad592affff,15
8a2a8ac6c74ffff,7
8a2a8a8962c7fff,2
8a2a8a893567fff,6
8a2a8a893567fff,15
8a2a8ac61507fff,15
8a2a8a893467fff,6
8a2a8a893467fff,15
8a2a8ac66457fff,15
8a2a8ac66a5ffff,15
8a2a8ac60a4ffff,5
8a2a8ad4a247fff,9
8a2a8ac60a0ffff,5
8a2a8ac6c107fff,15
8a2a8ad4871ffff,0
8a2a8ad4ab4ffff,2
8a2a8ad4ab4ffff,1
8a2a8ac64ac7fff,0
8a2a8a896637fff,0
8a2a8ad48507fff,15
8a2a8ad4a06ffff,0
8a2a8a896537fff,0
8a2a8ad4a8effff,15
8a2a8ad4a8effff,0
8a2a8ac6050ffff,15
8a2a8ad59b5ffff,15
8a2a8ad59b5ffff,2
8a2a8ac65a67fff,1
8a2a8ac65a67fff,0
8a2a8ac6c807fff,7
8a2a8ac6c807fff,11
8a2a8ac600affff,11
8a2a8ad4b507fff,1
8a2a8ad4b507fff,3
8a2a8ad4b507fff,2
8a2a8ad4b477fff,8
8a2a8ad4b477fff,10
8a2a8ac660c7fff,15
8a2a8ac6041ffff,15
8a2a8a892ccffff,0
8a2a8a892ccffff,10
8a2a8a896277fff,2
8a2a8ac66acffff,15
8a2a8ac614affff,15
8a2a8ac664c7fff,15
8a2a8ad48647fff,2
8a2a8a89641ffff,0
8a2a8ad4b28ffff,0
8a2a8ac6485ffff,2
8a2a8ac660effff,15
8a2a8a89345ffff,6
8a2a8ac640c7fff,0
8a2a8ac640c7fff,8
8a2a8ac6cdb7fff,3
8a2a8ac6cdb7fff,15
8a2a8ac6504ffff,0
8a2a8ac6504ffff,11
8a2a8ad4a66ffff,0
8a2a8ac606affff,2
8a2a8ac606affff,15
8a2a8ad5ba67fff,15
8a2a8ac6154ffff,15
8a2a8ac6c397fff,3
8a2a8ac63177fff,15
8a2a8ac66b87fff,15
8a2a8ac66b87fff,2
8a2a8ac60827fff,5
8a2a8ac60827fff,8
8a2a8ad4e61ffff,15
8a2a8ad5b257fff,15
8a2a8ac666d7fff,15
8a2a8a892167fff,11
8a2a8a892167fff,1
8a2a8ac6cd27fff,3
8a2a8a89248ffff,3
8a2a8ac61047fff,15
8a2a8ad4aaeffff,0
8a2a8ad4bc77fff,2
8a2a8ac61447fff,15
8a2a8ac65b47fff,0
8a2a8ad4b597fff,2
8a2a8ad4b597fff,9
8a2a8ac60c77fff,15
8a2a8ac64ce7fff,15
8a2a8ad592dffff,15
8a2a8ac6020ffff,15
8a2a8ac63587fff,15
8a2a8a892db7fff,0
8a2a8a892db7fff,1
8a2a8ac65a6ffff,1
8a2a8ac65a6ffff,0
8a2a8ac607b7fff,15
8a2a8ac63b37fff,15
8a2a8ac6226ffff,15
8a2a8ac6234ffff,15
8a2a8a892407fff,0
8a2a8a892407fff,3
8a2a8ac63d8ffff,15
8a2a8ac604a7fff,15
8a2a8a896617fff,0
8a2a8ac6390ffff,2
8a2a8a8929affff,0
8a2a8ac64daffff,15
8a2a8a89284ffff,0
8a2a8ac6c987fff,7
8a2a8ac6c987fff,3
8a2a8ad4a397fff,0
8a2a8ad5b74ffff,15
8a2a8ac6034ffff,5
8a2a8ac6034ffff,15
8a2a8ac600e7fff,11
8a2a8ac600e7fff,7
8a2a8ac600e7fff,15
8a2a8ac619a7fff,3
8a2a8ac619a7fff,5
8a2a8ac654affff,5
8a2a8ac62837fff,15
8a2a8a893517fff,6
8a2a8a893517fff,15
8a2a8ac6c39ffff,3
8a2a8ac62ae7fff,15
8a2a8ac66217fff,15
8a2a8ac6285ffff,15
8a2a8ac66c8ffff,15
8a2a8ac66c8ffff,9
8a2a8ac61107fff,3
8a2a8ac621affff,15
8a2a8ac6661ffff,15
8a2a8ac6394ffff,15
8a2a8a892a8ffff,8
8a2a8a892a8ffff,0
8a2a8a8924f7fff,3
8a2a8ad4a647fff,15
8a2a8ad4a647fff,0
8a2a8ac64927fff,0
8a2a8ac60307fff,5
8a2a8ac60307fff,15
8a2a8ac65427fff,5
8a2a8ac618cffff,3
8a2a8a896297fff,0
8a2a8ac65787fff,5
8a2a8ad4b077fff,2
8a2a8ac66b5ffff,15
8a2a8ac60d1ffff,15
8a2a8ac60a37fff,5
8a2a8ac65647fff,5
8a2a8ac610cffff,15
8a2a8ac606effff,2
8a2a8ac66387fff,15
8a2a8ac65af7fff,1
8a2a8ac65af7fff,2
8a2a8ac65af7fff,0
8a2a8a892777fff,3
8a2a8ac6581ffff,14
8a2a8ac6581ffff,1
8a2a8a892ba7fff,0
8a2a8ad4b5a7fff,2
8a2a8ad4b5a7fff,9
8a2a8ac604e7fff,15
8a2a8ad4b4f7fff,2
8a2a8ac64c8ffff,15
8a2a8ad5b337fff,15
8a2a8ad59b9ffff,15
8a2a8ac6138ffff,15
8a2a8ac60507fff,15
8a2a8ac65ccffff,5
8a2a8ac66d4ffff,15
8a2a8a892807fff,0
8a2a8ac6471ffff,2
8a2a8a89640ffff,0
8a2a8ac64307fff,0
8a2a8ac6318ffff,2
8a2a8ac6318ffff,15
8a2a8ac6281ffff,15
8a2a8ac6461ffff,15
8a2a8ac6461ffff,2
8a2a8ad592f7fff,15
8a2a8ac6c937fff,7
8a2a8ac6c937fff,2
8a2a8ad4a407fff,15
8a2a8ac60b97fff,5
8a2a8ad5d34ffff,15
8a2a8ac61017fff,15
8a2a8a892607fff,3
8a2a8ac60747fff,2
8a2a8ac60747fff,15
8a2a8ad4ac77fff,15
8a2a8ac63d27fff,2
8a2a8ac63d27fff,15
8a2a8a892727fff,3
8a2a8ac6cb5ffff,6
8a2a8ac63cf7fff,15
8a2a8ac62327fff,2
8a2a8ac62327fff,15
8a2a8ac639b7fff,2
8a2a8ac66927fff,15
8a2a8ac6106ffff,3
8a2a8ac6106ffff,15
8a2a8ac6180ffff,3
8a2a8a893cdffff,15
8a2a8ac61ba7fff,3
8a2a8a89254ffff,0
8a2a8ac668d7fff,15
8a2a8ac66cb7fff,15
8a2a8a892a4ffff,1
8a2a8a896677fff,0
8a2a8ac610d7fff,15
8a2a8ac602effff,15
8a2a8ad5d24ffff,15
8a2a8ad4e2b7fff,15
8a2a8ac65277fff,0
8a2a8ad59ac7fff,15
8a2a8ac65667fff,5
8a2a8a892047fff,1
8a2a8a892047fff,8
8a2a8a892047fff,11
8a2a8ad4b00ffff,0
8a2a8ad4b00ffff,2
8a2a8ac6096ffff,5
8a2a8ac6490ffff,2
8a2a8ac6490ffff,0
8a2a8ad4b107fff,2
8a2a8ac6141ffff,15
8a2a8ac628cffff,15
8a2a8ac6c927fff,7
8a2a8ac6c927fff,2
8a2a8ac6c927fff,10
8a2a8a892117fff,10
8a2a8a892117fff,0
8a2a8ac6155ffff,15
8a2a8ad4a857fff,15
8a2a8ac6dd2ffff,7
8a2a8ac64557fff,15
8a2a8ac64557fff,2
8a2a8ad4abb7fff,2
8a2a8ad4abb7fff,15
8a2a8ad4abb7fff,0
8a2a8ac65c87fff,4
8a2a8ac65c87fff,8
8a2a8ac65c87fff,2
8a2a8ac6235ffff,15
8a2a8ad4a377fff,0
8a2a8ad5b0cffff,15
8a2a8ac65297fff,5
8a2a8ac6c837fff,7
8a2a8ac6c837fff,11
8a2a8ac6449ffff,15
8a2a8ac619b7fff,5
8a2a8ac6641ffff,15
8a2a8ac65d47fff,0
8a2a8ac65d47fff,1
8a2a8ad4a997fff,15
8a2a8ac6501ffff,14
8a2a8ac6501ffff,4
8a2a8ac6501ffff,5
8a2a8ac61a6ffff,3
8a2a8ac608c7fff,5
8a2a8ad4b72ffff,0
8a2a8ad4b72ffff,2
8a2a8a892acffff,1
8a2a8a892287fff,7
8a2a8a892287fff,10
8a2a8a892287fff,3
8a2a8ac647a7fff,2
8a2a8ac600effff,15
8a2a8ac62187fff,15
8a2a8ac75b0ffff,15
8a2a8ad5b2c7fff,15
8a2a8ad48687fff,1
8a2a8ac60ae7fff,5
8a2a8a8967b7fff,0
8a2a8ac66d2ffff,15
8a2a8ad4b59ffff,2
8a2a8ac63b8ffff,15
8a2a8ac650f7fff,5
8a2a8ac65a97fff,0
8a2a8ac65a97fff,1
8a2a8ad480b7fff,0
8a2a8ac60c07fff,15
8a2a8ac6522ffff,0
8a2a8ac6522ffff,3
8a2a8ac6294ffff,15
8a2a8ad4b38ffff,0
8a2a8ac64057fff,0
8a2a8ac64057fff,8
8a2a8ad4ba97fff,0
8a2a8ac6474ffff,10
8a2a8ac6474ffff,0
8a2a8ac6474ffff,2
8a2a8ac64417fff,15
8a2a8ac6631ffff,15
8a2a8ac66367fff,15
8a2a8ad487a7fff,0
8a2a8a892a97fff,8
8a2a8a892a97fff,11
8a2a8ac64067fff,8
8a2a8ac6469ffff,15
8a2a8a8966affff,0
8a2a8a896c97fff,0
8a2a8ac62107fff,15
8a2a8ac64647fff,8
8a2a8a89275ffff,3
8a2a8ad4b397fff,0
8a2a8ac61577fff,15
8a2a8ac66c27fff,15
8a2a8ac60c17fff,15
8a2a8ad59667fff,15
8a2a8ad4a947fff,2
8a2a8ad4a947fff,15
8a2a8ac6436ffff,2
8a2a8ac6436ffff,0
8a2a8ac638cffff,15
8a2a8ac61317fff,15
8a2a8ac66aaffff,15
8a2a8ac66aaffff,2
8a2a8ad4b71ffff,0
8a2a8a893747fff,6
8a2a8ad5930ffff,15
8a2a8ad4a62ffff,15
8a2a8ac6698ffff,15
8a2a8ac6131ffff,15
8a2a8ac628f7fff,15
8a2a8ac6c70ffff,7
8a2a8ad4a9b7fff,15
8a2a8ad5b31ffff,15
8a2a8ac6c157fff,7
8a2a8ac6c157fff,15
8a2a8ac6204ffff,2
8a2a8ac6204ffff,15
8a2a8ac6170ffff,15
8a2a8ac6c94ffff,6
8a2a8ac6c94ffff,7
8a2a8ad4841ffff,2
8a2a8ac6cc47fff,15
8a2a8ad4bca7fff,1
8a2a8ad4bca7fff,2
8a2a8ad4bca7fff,10
8a2a8ac6151ffff,15
8a2a8a892b17fff,0
8a2a8ac6c047fff,7
8a2a8ac6c047fff,3
8a2a8ac66807fff,15
8a2a8ac60327fff,5
8a2a8ac60327fff,15
8a2a8ac6119ffff,15
8a2a8ad4b517fff,1
8a2a8ad4b517fff,2
8a2a8ad4b517fff,3
8a2a8ac60c57fff,2
8a2a8ac60c57fff,15
8a2a8ad4bce7fff,0
8a2a8ad4bce7fff,2
8a2a8ac60b17fff,5
8a2a8ac6538ffff,2
8a2a8ac6538ffff,11
8a2a8ac6538ffff,5
8a2a8ac628c7fff,15
8a2a8ad4a907fff,15
8a2a8a8964b7fff,0
8a2a8ac65697fff,5
8a2a8ad4a35ffff,1
8a2a8ad4a35ffff,9
8a2a8ad4a35ffff,2
8a2a8ad4a35ffff,0
8a2a8a89658ffff,0
8a2a8ac6601ffff,15
8a2a8ac60047fff,15
8a2a8ad4b987fff,2
8a2a8ac660d7fff,15
8a2a8a892037fff,10
8a2a8ad5b217fff,15
8a2a8ac646b7fff,15
8a2a8ac663a7fff,15
8a2a8ac60267fff,15
8a2a8ac64897fff,15
8a2a8ac659a7fff,11
8a2a8ac659a7fff,0
8a2a8ac604c7fff,15
8a2a8ad59617fff,15
8a2a8ad4b9a7fff,2
8a2a8ad4e24ffff,15
8a2a8a8962dffff,2
8a2a8ac64527fff,15
8a2a8ac65c07fff,4
8a2a8ac65c07fff,1
8a2a8ad4e6c7fff,15
8a2a8ad486cffff,2
8a2a8a8928a7fff,0
8a2a8ac63c4ffff,2
8a2a8a893087fff,15
8a2a8a892d17fff,0
8a2a8ad59317fff,15
8a2a8ac61057fff,15
8a2a8ac6624ffff,15
8a2a8ac66b4ffff,15
8a2a8ac64857fff,2
8a2a8ad487b7fff,0
8a2a8ad487b7fff,2
8a2a8ac6681ffff,15
8a2a8ad4b327fff,0
8a2a8ad4b327fff,8
8a2a8ad4b327fff,0
8a2a8a896787fff,0
8a2a8ac6456ffff,2
8a2a8ac61807fff,3
8a2a8ac64717fff,2
8a2a8ac66a07fff,15
8a2a8ac66a07fff,2
8a2a8a892147fff,11
8a2a8a892147fff,1
8a2a8ac60a2ffff,5
8a2a8a89258ffff,0
8a2a8a89258ffff,3
8a2a8ad4a067fff,0
8a2a8ac61b8ffff,3
8a2a8ac662f7fff,15
8a2a8ad4acf7fff,15
8a2a8ac64947fff,2
8a2a8ac650cffff,5
8a2a8a892a1ffff,0
8a2a8ac62967fff,15
8a2a8ac61ce7fff,3
8a2a8ac61ce7fff,5
8a2a8ac63a77fff,15
8a2a8a89276ffff,3
8a2a8a89266ffff,2
8a2a8ad4b48ffff,8
8a2a8ad4b48ffff,2
8a2a8a89249ffff,3
8a2a8ad5926ffff,15
8a2a8ad4a267fff,9
8a2a8ad4a267fff,2
8a2a8ac60817fff,8
8a2a8ac6690ffff,15
8a2a8ad59297fff,15
8a2a8ac61867fff,3
8a2a8ac65cc7fff,5
8a2a8ac6674ffff,15
8a2a8ac6002ffff,12
8a2a8ac664affff,15
8a2a8ac6666ffff,15
8a2a8ad4b32ffff,0
8a2a8ad4b32ffff,8
8a2a8ac65267fff,0
8a2a8a896d9ffff,8
8a2a8a896d9ffff,0
8a2a8ad4b727fff,0
8a2a8ad4b727fff,2
8a2a8ac63c17fff,15
8a2a8a8936e7fff,6
8a2a8ad4a547fff,15
8a2a8ad592effff,15
8a2a8ad4aa07fff,2
8a2a8ad4aa07fff,0
8a2a8ad4a91ffff,15
8a2a8ac63a47fff,15
8a2a8ac64a27fff,1
8a2a8ac64a27fff,3
8a2a8ac64a27fff,8
8a2a8ac61cc7fff,3
8a2a8ac61cc7fff,5
8a2a8ac61cc7fff,15
8a2a8a892427fff,0
8a2a8ac655b7fff,0
8a2a8ac63b6ffff,15
8a2a8ac614f7fff,15
8a2a8ac61477fff,15
8a2a8ac62177fff,15
8a2a8ac65087fff,5
8a2a8ac6c227fff,7
8a2a8ac6c227fff,10
8a2a8ac65d2ffff,0
8a2a8ad4a69ffff,15
8a2a8a893497fff,6
8a2a8a893497fff,7
8a2a8a892627fff,3
8a2a8ad4a02ffff,0
8a2a8a892a87fff,8
8a2a8a892a87fff,11
8a2a8a892a87fff,0
8a2a8ac60077fff,12
8a2a8ac60077fff,15
8a2a8ac6605ffff,15
8a2a8ac61907fff,3
8a2a8ac64657fff,8
8a2a8ac64657fff,15
8a2a8ac64657fff,2
8a2a8ac66d07fff,15
8a2a8ac60127fff,5
8a2a8ac60127fff,15
8a2a8ad5b76ffff,15
8a2a8ac65a07fff,0
8a2a8ad4b897fff,2
8a2a8ac605a7fff,15
8a2a8ad5b38ffff,15
8a2a8ac64d57fff,2
8a2a8ac600c7fff,11
8a2a8ac600c7fff,15
8a2a8ac64ad7fff,0
8a2a8ac65c4ffff,4
8a2a8ac65c4ffff,5
8a2a8ac66967fff,15
8a2a8ac60a77fff,5
8a2a8ac61d2ffff,5
8a2a8ac65ce7fff,4
8a2a8ac65ce7fff,5
8a2a8ac60677fff,2
8a2a8ac61917fff,3
8a2a8ac61917fff,5
8a2a8ad5b22ffff,15
8a2a8ac65b17fff,2
8a2a8ac65b17fff,0
8a2a8ac66a4ffff,15
8a2a8ac64ccffff,15
8a2a8ac64ccffff,2
8a2a8ac64147fff,10
8a2a8ac64147fff,11
8a2a8ac64147fff,2
8a2a8ac62947fff,15
8a2a8ac63c37fff,15
8a2a8ac64ae7fff,0
8a2a8ac64ae7fff,1
8a2a8ad4b49ffff,8
8a2a8ad4b49ffff,2
8a2a8ac60277fff,15
8a2a8ac6622ffff,15
8a2a8ac638a7fff,2
8a2a8ac638a7fff,15
8a2a8ac6616ffff,15
8a2a8a892a17fff,0
8a2a8ac652e7fff,0
8a2a8ac652e7fff,2
8a2a8a89660ffff,0
8a2a8a89252ffff,0
8a2a8ac66a2ffff,15
8a2a8ac66a2ffff,2
8a2a8ad59b0ffff,2
8a2a8a892507fff,0
8a2a8ac66c0ffff,15
8a2a8ac66c0ffff,9
8a2a8ac628effff,15
8a2a8ac63507fff,15
8a2a8ac666f7fff,15
8a2a8ad4b30ffff,0
8a2a8ad4b30ffff,8
8a2a8ac600d7fff,11
8a2a8ac600d7fff,15
8a2a8ac6676ffff,15
8a2a8ad48097fff,0
8a2a8ac65acffff,0
8a2a8ac65acffff,1
8a2a8ad4e74ffff,15
8a2a8a892d47fff,0
8a2a8ad5916ffff,15
8a2a8ac628e7fff,15
8a2a8ac65d5ffff,0
8a2a8ac65d5ffff,1
8a2a8a89635ffff,2
8a2a8a892157fff,11
8a2a8a892157fff,2
8a2a8a892157fff,1
8a2a8ac6314ffff,15
8a2a8ac65cb7fff,8
8a2a8ac65cb7fff,2
8a2a8ac6ca37fff,6
8a2a8ac6ca37fff,7
8a2a8ac6455ffff,2
8a2a8ad4a747fff,15
8a2a8ad4a747fff,0
8a2a8ac66107fff,15
8a2a8ac6588ffff,7
8a2a8ac6588ffff,14
8a2a8ac6588ffff,4
8a2a8ac6588ffff,1
8a2a8ac60097fff,15
8a2a8ad487affff,0
8a2a8ad4e6cffff,15
8a2a8ad4a2b7fff,0
8a2a8a896357fff,2
8a2a8a896357fff,0
8a2a8ad4aac7fff,0
8a2a8ac606dffff,2
8a2a8ac6cccffff,15
8a2a8ac75b07fff,15
8a2a8ad4ac5ffff,15
8a2a8ad4b6effff,0
8a2a8ac65a87fff,0
8a2a8ac65a87fff,1
8a2a8ac65a87fff,2
8a2a8ad4bd87fff,1
8a2a8a896587fff,11
8a2a8a896587fff,0
8a2a8ac6525ffff,0
8a2a8a89622ffff,2
8a2a8ac654dffff,5
8a2a8ad4bd57fff,2
8a2a8ac6cd37fff,3
8a2a8ac6ed37fff,15
8a2a8ac638affff,15
8a2a8ac64caffff,15
8a2a8ad4b0b7fff,0
8a2a8a89206ffff,8
8a2a8ac61c27fff,5
8a2a8ac65287fff,5
8a2a8ad4a18ffff,15
8a2a8ac64177fff,8
8a2a8ac64177fff,11
8a2a8ac64177fff,2
8a2a8ac642c7fff,10
8a2a8ac642c7fff,0
8a2a8ac62147fff,2
8a2a8ac62147fff,15
8a2a8ac66d6ffff,15
8a2a8ac6c92ffff,7
8a2a8ac6c92ffff,2
8a2a8ac6c92ffff,10
8a2a8a892847fff,0
8a2a8ac6179ffff,15
8a2a8a892417fff,3
8a2a8ad486c7fff,2
8a2a8ac66a37fff,15
8a2a8ac66a37fff,2
8a2a8ad59747fff,15
8a2a8ac65497fff,5
8a2a8ac65b27fff,0
8a2a8ac66937fff,15
8a2a8ac6c207fff,10
8a2a8ac64af7fff,0
8a2a8a892c0ffff,10
8a2a8a892c0ffff,2
8a2a8ac60a8ffff,5
8a2a8ac60717fff,2
8a2a8ac60717fff,15
8a2a8ad4e757fff,15
8a2a8ac6216ffff,15
8a2a8ac6040ffff,15
8a2a8ac61497fff,15
8a2a8ac64117fff,15
8a2a8ac64117fff,15
8a2a8ac648e7fff,2
8a2a8ac6c757fff,7
8a2a8ad592b7fff,15
8a2a8ad4a257fff,9
8a2a8ac66b67fff,15
8a2a8ac66827fff,15
8a2a8ad5925ffff,15
8a2a8ac62827fff,15
8a2a8a89281ffff,0
8a2a8ac66727fff,15
8a2a8ad4a40ffff,15
8a2a8ad4a90ffff,15
8a2a8ad4a187fff,15
8a2a8ac6c8a7fff,3
8a2a8ad4a82ffff,15
8a2a8ac6019ffff,2
8a2a8ac65ba7fff,2
8a2a8ac65ba7fff,0
8a2a8a892357fff,0
8a2a8a892357fff,1
8a2a8ad4b6b7fff,0
8a2a8ad4b6b7fff,8
8a2a8ad4b6b7fff,1
8a2a8ac65947fff,1
8a2a8ac65947fff,11
8a2a8ac62c6ffff,15
8a2a8ad4bda7fff,1
8a2a8ad4bda7fff,2
8a2a8ad4bda7fff,0
8a2a8ad4aceffff,15
8a2a8a8922a7fff,10
8a2a8a8922a7fff,3
8a2a8ad4ab77fff,2
8a2a8ad4ab77fff,0
8a2a8ac62337fff,2
8a2a8ac62337fff,15
8a2a8ac60667fff,2
8a2a8ac63d0ffff,2
8a2a8ac63d0ffff,15
8a2a8ac66707fff,15
8a2a8ac614a7fff,15
8a2a8ac64a37fff,2
8a2a8ac64a37fff,8
8a2a8ad4bd1ffff,2
8a2a8ac6579ffff,5
8a2a8ac655affff,5
8a2a8ac65897fff,1
8a2a8ac63c5ffff,2
8a2a8ac63c5ffff,15
8a2a8ad4b167fff,2
8a2a8ac63a67fff,15
8a2a8ac63967fff,2
8a2a8ac63967fff,15
8a2a8ad4b887fff,2
8a2a8a892b97fff,11
8a2a8a892b97fff,0
8a2a8ac6558ffff,5
8a2a8ac63947fff,2
8a2a8ac63947fff,15
8a2a8ac6088ffff,5
8a2a8ac6088ffff,8
8a2a8ac6088ffff,15
8a2a8ac6689ffff,15
8a2a8ac6c12ffff,7
8a2a8ac6c12ffff,15
8a2a8ad4b3b7fff,0
8a2a8ac64017fff,15
8a2a8ac64017fff,2
8a2a8ac64017fff,8
8a2a8ac618effff,3
8a2a8ac66a27fff,2
8a2a8ac6500ffff,14
8a2a8ac6500ffff,5
8a2a8ac6655ffff,15
8a2a8ac64b9ffff,8
8a2a8ac64b9ffff,2
8a2a8ac6644ffff,15
8a2a8ad4a4cffff,15
8a2a8ad4a4cffff,2
8a2a8ad4b227fff,0
8a2a8ad4b227fff,2
8a2a8ac6021ffff,15
8a2a8ad4acb7fff,15
8a2a8ac6c077fff,7
8a2a8ad4855ffff,0
8a2a8ad4855ffff,2
8a2a8ad59247fff,15
8a2a8ad5914ffff,15
8a2a8ac6cb27fff,6
8a2a8ac62a07fff,15
8a2a8a892987fff,0
8a2a8ad4b64ffff,11
8a2a8ad4b64ffff,0
8a2a8ac65807fff,14
8a2a8ac65807fff,1
8a2a8ac65807fff,11
8a2a8ac63897fff,2
8a2a8ac63897fff,15
8a2a8ad4a01ffff,15
8a2a8ad4a01ffff,0
8a2a8ac60367fff,5
8a2a8ac62547fff,15
8a2a8a89061ffff,1
8a2a8ac660dffff,15
8a2a8ac65b07fff,0
8a2a8ad4b3a7fff,0
8a2a8ac6c0cffff,3
8a2a8ac6169ffff,15
8a2a8ac64667fff,8
8a2a8ac64667fff,10
8a2a8ac64667fff,2
8a2a8ac656affff,5
8a2a8ac63887fff,15
8a2a8ac64c17fff,15
8a2a8ac6cae7fff,7
8a2a8ad59a6ffff,15
8a2a8ad59aeffff,15
8a2a8ad4aa2ffff,2
8a2a8ad4aa2ffff,0
8a2a8ac6015ffff,5
8a2a8ac6015ffff,12
8a2a8ac6015ffff,15
8a2a8ad4b36ffff,0
8a2a8ad4b36ffff,8
8a2a8ac655a7fff,5
8a2a8ac655a7fff,0
8a2a8ac60877fff,5
8a2a8ac6069ffff,2
8a2a8ac6069ffff,15
8a2a8ad4bc8ffff,1
8a2a8ad4bc8ffff,10
8a2a8ad4bc8ffff,2
8a2a8ac60b4ffff,5
8a2a8a893697fff,6
8a2a8ac65457fff,5
8a2a8ad4b577fff,1
8a2a8ad4b577fff,10
8a2a8ad596e7fff,15
8a2a8ac66cdffff,9
8a2a8ac62887fff,15
8a2a8ac64127fff,15
8a2a8ac64127fff,2
8a2a8ac64127fff,15
8a2a8ad4b487fff,2
8a2a8ac61887fff,3
8a2a8ad4e227fff,15
8a2a8ac6202ffff,2
8a2a8ac6202ffff,15
8a2a8ad59a4ffff,15
8a2a8ac64c87fff,15
8a2a8ac75b67fff,15
8a2a8ac662dffff,15
8a2a8a8925affff,0
8a2a8a8925affff,3
8a2a8ac62c2ffff,15
8a2a8ac650a7fff,4
8a2a8ac650a7fff,5
8a2a8ac6645ffff,15
8a2a8ac63baffff,15
8a2a8ac75b27fff,15
8a2a8ac6c99ffff,3
8a2a8ad4a24ffff,1
8a2a8ad4a24ffff,2
8a2a8ad4a24ffff,9
8a2a8ac66097fff,15
8a2a8ad4e747fff,15
8a2a8a892b1ffff,0
8a2a8ac61737fff,15
8a2a8ac61847fff,3
8a2a8a896667fff,0
8a2a8ac75b57fff,15
8a2a8ad59357fff,15
8a2a8ac66b6ffff,15
8a2a8ac65337fff,0
8a2a8ac6409ffff,2
8a2a8ac6c95ffff,7
8a2a8ad4b98ffff,2
8a2a8ad59a17fff,2
8a2a8ac64167fff,11
8a2a8ac64167fff,2
8a2a8ac60d4ffff,15
8a2a8ac60d4ffff,15
8a2a8ac6291ffff,15
8a2a8a892967fff,2
8a2a8ac6c8e7fff,7
8a2a8ac6c8e7fff,3
8a2a8ad4845ffff,0
8a2a8ad4845ffff,2
8a2a8ac63817fff,15
8a2a8ac61c4ffff,3
8a2a8ac648affff,15
8a2a8ac648affff,2
8a2a8ac648affff,0
8a2a8ad4bd5ffff,2
8a2a8ad4a0f7fff,15
8a2a8ad4a0f7fff,0
8a2a8ac6110ffff,3
8a2a8ad4b677fff,0
8a2a8ad4a9affff,15
8a2a8ac6c977fff,10
8a2a8a89265ffff,7
8a2a8a89265ffff,2
8a2a8ac63a1ffff,15
8a2a8ac63477fff,15
8a2a8ac66477fff,15
8a2a8ac61c5ffff,3
8a2a8ad5b227fff,15
8a2a8a8924b7fff,0
8a2a8a8924b7fff,3
8a2a8a892c8ffff,13
8a2a8a892c8ffff,0
8a2a8ac62b97fff,15
8a2a8ac61827fff,3
8a2a8ac61c6ffff,3
8a2a8ac64457fff,2
8a2a8ad4a567fff,15
8a2a8ad4bcf7fff,0
8a2a8ad4bcf7fff,2
8a2a8ad4bcf7fff,10
8a2a8ac6108ffff,15
8a2a8a893717fff,6
8a2a8ac60887fff,5
8a2a8ac60887fff,8
8a2a8ac60887fff,15
8a2a8ac65367fff,0
8a2a8ad5da4ffff,15
8a2a8ad4b46ffff,0
8a2a8ad4b46ffff,8
8a2a8ad4b46ffff,1
8a2a8ac75b37fff,15
8a2a8a89651ffff,0
8a2a8ad4aa0ffff,2
8a2a8ad4aa0ffff,0
8a2a8ac6dd07fff,7
8a2a8ac63d37fff,15
8a2a8ad4aa5ffff,2
8a2a8ad4aa5ffff,1
8a2a8ad4aa5ffff,0
8a2a8ad5d247fff,15
8a2a8ac6385ffff,15
8a2a8a89676ffff,0
8a2a8ac62b8ffff,15
8a2a8ac6039ffff,15
8a2a8ac646f7fff,15
8a2a8ac646f7fff,2
8a2a8ac62a4ffff,15
8a2a8ac6312ffff,15
8a2a8ac640cffff,0
8a2a8a89379ffff,6
8a2a8a89210ffff,2
8a2a8a89210ffff,1
8a2a8a89210ffff,0
8a2a8ac61797fff,15
8a2a8ac6cb4ffff,6
8a2a8ac610b7fff,15
8a2a8a8923affff,0
8a2a8a8923affff,1
8a2a8a8923affff,8
8a2a8a8923affff,10
8a2a8ac6005ffff,15
8a2a8ad4b657fff,0
8a2a8a892027fff,10
8a2a8a892027fff,2
8a2a8a892027fff,1
8a2a8a892027fff,0
8a2a8ac60cf7fff,15
8a2a8ac64a77fff,1
8a2a8ac64a77fff,10
8a2a8ac620b7fff,15
8a2a8ac62d6ffff,15
8a2a8ac6392ffff,2
8a2a8ad4a537fff,15
8a2a8ac61a47fff,3
8a2a8a892077fff,10
8a2a8a892077fff,11
8a2a8ac64aaffff,0
8a2a8ac64aaffff,2
8a2a8ac64aaffff,8
8a2a8a893557fff,6
8a2a8ad4b12ffff,2
8a2a8ac61c57fff,3
8a2a8ac61c57fff,5
8a2a8ac6462ffff,2
8a2a8ac6662ffff,15
8a2a8a8921b7fff,10
8a2a8ad59af7fff,15
8a2a8ad59af7fff,2
8a2a8ac61cf7fff,5
8a2a8ac61cf7fff,15
8a2a8ac6568ffff,5
8a2a8ac62b77fff,15
8a2a8ac63147fff,15
8a2a8ac6cb1ffff,6
8a2a8ac6cb1ffff,7
8a2a8ac64357fff,0
8a2a8a892c57fff,10
8a2a8ac65c27fff,0
8a2a8ac65c27fff,1
8a2a8ad59647fff,15
8a2a8ad4a8d7fff,15
8a2a8ad4a8d7fff,0
8a2a8a8966effff,0
8a2a8ad5974ffff,15
8a2a8ac65b8ffff,2
8a2a8ac65b8ffff,0
8a2a8ac65b8ffff,4
8a2a8ad4b047fff,0
8a2a8ad4b047fff,2
8a2a8ac66a8ffff,15
8a2a8ac62d47fff,15
8a2a8ac650dffff,5
8a2a8ad5922ffff,15
8a2a8ad4aad7fff,0
8a2a8ac608e7fff,5
8a2a8a8936affff,6
8a2a8ad4ac87fff,15
8a2a8ac60147fff,5
8a2a8ac60147fff,15
8a2a8ac64547fff,2
8a2a8ad48407fff,2
8a2a8ac66697fff,15
8a2a8ac6498ffff,15
8a2a8ac6498ffff,0
8a2a8ac61087fff,15
8a2a8a892d37fff,0
8a2a8ac61c17fff,5
8a2a8ad4b54ffff,0
8a2a8ad4b54ffff,8
8a2a8ad4b54ffff,1
8a2a8ac62067fff,2
8a2a8ad4a8affff,15
8a2a8a892aa7fff,11
8a2a8a892aa7fff,0
8a2a8a89628ffff,2
8a2a8a89628ffff,0
8a2a8ac60c47fff,15
8a2a8ac6cb07fff,6
8a2a8ac61457fff,15
8a2a8ac66c5ffff,15
8a2a8ac66c5ffff,9
8a2a8ac668cffff,15
8a2a8ac6189ffff,3
8a2a8a89256ffff,0
8a2a8a89256ffff,10
8a2a8ac62a37fff,15
8a2a8ac66427fff,15
8a2a8ad4a117fff,15
8a2a8ad4a117fff,0
8a2a8ad4b407fff,10
8a2a8ad4b407fff,2
8a2a8ac6026ffff,15
8a2a8ac644effff,15
8a2a8ac644effff,2
8a2a8ac61d6ffff,3
8a2a8ac61d6ffff,5
8a2a8ac6c237fff,10
8a2a8ad4bc6ffff,2
8a2a8ac611a7fff,3
8a2a8ac60a5ffff,5
8a2a8ac62347fff,15
8a2a8a89346ffff,6
8a2a8a89346ffff,15
8a2a8ac60487fff,15
8a2a8ad4a8dffff,0
8a2a8ac65997fff,0
8a2a8ac65997fff,1
8a2a8ac66347fff,15
8a2a8ad4a96ffff,2
8a2a8ad4a96ffff,15
8a2a8ad4879ffff,1
8a2a8ac6c84ffff,6
8a2a8ac6cc1ffff,15
8a2a8ac6595ffff,1
8a2a8ac6595ffff,11
8a2a8ad4bcc7fff,0
8a2a8ad4bcc7fff,2
8a2a8ac62baffff,15
8a2a8ac6c9affff,7
8a2a8ac61daffff,5
8a2a8ad4ad6ffff,15
8a2a8a893797fff,6
8a2a8ad5936ffff,15
8a2a8ac66c97fff,15
8a2a8a89262ffff,3
8a2a8ad4e2affff,15
8a2a8ac60017fff,11
8a2a8ac60017fff,7
8a2a8ac60017fff,13
8a2a8ac60017fff,2
8a2a8ac66287fff,15
8a2a8ac65a4ffff,1
8a2a8ac65a4ffff,0
8a2a8a89355ffff,6
8a2a8ac6171ffff,15
8a2a8ad4858ffff,2
8a2a8ad4858ffff,15
8a2a8a896217fff,2
8a2a8a896217fff,0
8a2a8ac66267fff,15
8a2a8a89230ffff,0
8a2a8a89230ffff,1
8a2a8ac666b7fff,15
8a2a8ad4bccffff,0
8a2a8ad4bccffff,1
8a2a8a8924effff,0
8a2a8a8924effff,3
8a2a8ac61817fff,3
8a2a8ac63307fff,1
8a2a8ac63307fff,15
8a2a8ad4a277fff,9
8a2a8ad5b2effff,15
8a2a8ac6159ffff,15
8a2a8ac603b7fff,15
8a2a8ac621b7fff,15
8a2a8ac6c0dffff,3
8a2a8ad4a477fff,15
8a2a8ac62007fff,15
8a2a8ac6cceffff,15
8a2a8ac6682ffff,15
8a2a8ad4b757fff,0
8a2a8ad4a147fff,0
8a2a8ac6dd9ffff,7
8a2a8ac6ca4ffff,7
8a2a8a892997fff,0
8a2a8ac63c9ffff,15
8a2a8ac60cd7fff,15
8a2a8ac60687fff,2
8a2a8ac60687fff,15
8a2a8ac63187fff,2
8a2a8ac63187fff,15
8a2a8ac65ad7fff,0
8a2a8ac65ad7fff,1
8a2a8a8964d7fff,0
8a2a8ad4ace7fff,15
8a2a8ac64587fff,15
8a2a8ac614c7fff,15
8a2a8ac64b77fff,3
8a2a8ac66297fff,15
8a2a8ac65197fff,4
8a2a8ac65197fff,5
8a2a8ad4ac37fff,15
8a2a8ad484affff,2
8a2a8ac63117fff,2
8a2a8ac63117fff,15
8a2a8ac62d27fff,15
8a2a8ac63137fff,2
8a2a8ac63137fff,15
8a2a8ac66c47fff,15
8a2a8ad4a617fff,15
8a2a8a8964effff,0
8a2a8ad59ad7fff,15
8a2a8ac6584ffff,2
8a2a8ac6584ffff,1
8a2a8ac6584ffff,0
8a2a8ac60d17fff,15
8a2a8ac6161ffff,15
8a2a8ac66a57fff,15
8a2a8ac6610ffff,15
8a2a8ac61aeffff,3
8a2a8ac61547fff,15
8a2a8ac646c7fff,15
8a2a8ac6669ffff,15
8a2a8ac61177fff,3
8a2a8ac60557fff,15
8a2a8ad4b0affff,0
8a2a8a8926a7fff,3
8a2a8ad4a577fff,15
8a2a8ac64c27fff,2
8a2a8ac6302ffff,2
8a2a8ac60a07fff,5
8a2a8ac60657fff,2
8a2a8ac608cffff,5
8a2a8ac623a7fff,15
8a2a8ac6190ffff,3
8a2a8ac611b7fff,3
8a2a8ac611b7fff,15
8a2a8ac6185ffff,3
8a2a8ad59a57fff,15
8a2a8ac6c1affff,15
8a2a8ac75b1ffff,15
8a2a8ad4b6d7fff,0
8a2a8ac63517fff,15
8a2a8ac6224ffff,15
8a2a8ad59697fff,15
8a2a8a8966a7fff,0
8a2a8ac63ceffff,15
8a2a8a89344ffff,6
8a2a8a892797fff,3
8a2a8ad4868ffff,2
8a2a8ad4868ffff,1
8a2a8ac61d4ffff,3
8a2a8ac61d4ffff,5
8a2a8ac6ca77fff,6
8a2a8ac6ca77fff,7
8a2a8ac66397fff,15
8a2a8a89261ffff,2
8a2a8a89261ffff,3
8a2a8ad4a087fff,15
8a2a8ac66237fff,15
8a2a8a896437fff,0
8a2a8a893707fff,6
8a2a8a893707fff,15
8a2a8ac61c0ffff,5
8a2a8ad4e25ffff,15
8a2a8ac6315ffff,2
8a2a8ac6315ffff,15
8a2a8a89216ffff,11
8a2a8a89216ffff,0
8a2a8a892d4ffff,0
8a2a8a892d87fff,0
8a2a8a892d87fff,1
8a2a8a892d87fff,7
8a2a8ad59777fff,15
8a2a8a8926affff,2
8a2a8a8926affff,3
8a2a8ad5b21ffff,15
8a2a8ac6634ffff,15
8a2a8a8921a7fff,10
8a2a8ac665a7fff,15
8a2a8ac66857fff,15
8a2a8ac61caffff,5
8a2a8ac66407fff,15
8a2a8ad4a85ffff,2
8a2a8ad4a85ffff,15
8a2a8ac6cca7fff,15
8a2a8ac62b87fff,15
8a2a8ac6c81ffff,7
8a2a8ac6c81ffff,3
8a2a8ac60937fff,8
8a2a8ac60937fff,10
8a2a8a89351ffff,6
8a2a8a89351ffff,15
8a2a8ac6201ffff,15
8a2a8ad5b29ffff,15
8a2a8ac61627fff,15
8a2a8ac65a1ffff,2
8a2a8ac65a1ffff,0
8a2a8ac64317fff,0
8a2a8a893457fff,6
8a2a8ac61557fff,15
8a2a8ac64d9ffff,15
8a2a8ac66887fff,15
8a2a8ac6dd97fff,7
8a2a8ac6306ffff,15
8a2a8ad4ac9ffff,15
8a2a8ac6495ffff,2
8a2a8ac6510ffff,14
8a2a8ac6510ffff,4
8a2a8ac622effff,15
8a2a8ad4a22ffff,9
8a2a8ad4a22ffff,0
8a2a8ac663affff,15
8a2a8ac669b7fff,15
8a2a8ac642effff,0
8a2a8ad4a56ffff,15
8a2a8ac64517fff,15
8a2a8ad5bb4ffff,15
8a2a8a8924c7fff,3
8a2a8ac63da7fff,15
8a2a8a8962effff,2
8a2a8a892007fff,10
8a2a8ac6032ffff,5
8a2a8ac6032ffff,15
8a2a8ac6c1b7fff,15
8a2a8ac6c21ffff,10
8a2a8ac604affff,15
8a2a8ac602a7fff,15
8a2a8ac60ce7fff,15
8a2a8ac63ac7fff,15
8a2a8ac61d47fff,5
8a2a8ac6451ffff,15
8a2a8a892637fff,3
8a2a8ad5b317fff,15
8a2a8ac64197fff,15
8a2a8ac64197fff,2
8a2a8ac606d7fff,2
8a2a8ac6068ffff,2
8a2a8ac6068ffff,15
8a2a8ad4b2affff,0
8a2a8ad4b2affff,1
8a2a8a89279ffff,3
8a2a8ac600b7fff,2
8a2a8ac600b7fff,15
8a2a8ac60527fff,15
8a2a8a893527fff,15
8a2a8ac62ba7fff,15
8a2a8ac66137fff,15
8a2a8ac61437fff,15
8a2a8ad5d26ffff,15
8a2a8ad4aab7fff,0
8a2a8ac62ab7fff,2
8a2a8ac62ab7fff,15
8a2a8ac6465ffff,8
8a2a8ac6465ffff,15
8a2a8ac6465ffff,10
8a2a8ac65757fff,5
8a2a8ac6c087fff,15
8a2a8ad4b4e7fff,10
8a2a8ad4b4e7fff,2
8a2a8ad4b62ffff,0
8a2a8ac62c77fff,15
8a2a8ad48437fff,2
8a2a8ad48437fff,15
8a2a8ac641b7fff,15
8a2a8ac65797fff,5
8a2a8ac60ceffff,2
8a2a8ac60ceffff,15
8a2a8ad4b0e7fff,0
8a2a8ad4b0e7fff,2
8a2a8ac6572ffff,5
8a2a8ac638f7fff,15
8a2a8ac60d6ffff,15
8a2a8ac60d6ffff,15
8a2a8a893547fff,6
8a2a8ad486d7fff,2
8a2a8ac62d0ffff,15
8a2a8ad4bdaffff,1
8a2a8ad4bdaffff,2
8a2a8ac6211ffff,15
8a2a8ad4ad5ffff,15
8a2a8ac63ab7fff,15
8a2a8ad4aa67fff,2
8a2a8ad4aa67fff,1
8a2a8ac60c9ffff,15
8a2a8a8928affff,0
8a2a8ac6219ffff,15
8a2a8ac65d77fff,0
8a2a8a8920b7fff,0
8a2a8ac64c9ffff,15
8a2a8ac65c8ffff,4
8a2a8ac65c8ffff,8
8a2a8ac65c8ffff,5
8a2a8a892767fff,13
8a2a8a892767fff,3
8a2a8ad59377fff,15
8a2a8ac6464ffff,8
8a2a8ac6464ffff,10
8a2a8ac610c7fff,15
8a2a8a89250ffff,0
8a2a8ac61b4ffff,3
8a2a8ac6c0d7fff,3
8a2a8ad4a6a7fff,15
8a2a8ac652cffff,3
8a2a8ac652cffff,2
8a2a8ad4b257fff,0
8a2a8ac61b17fff,3
8a2a8a8936cffff,6
8a2a8ac6488ffff,15
8a2a8ac6488ffff,2
8a2a8ac6488ffff,15
8a2a8ac63b9ffff,15
8a2a8ad5b0effff,15
8a2a8ac65687fff,5
8a2a8a8964a7fff,0
8a2a8ac65b9ffff,1
8a2a8ac65b9ffff,0
8a2a8ac65b9ffff,4
8a2a8ac65707fff,5
8a2a8ac6c75ffff,7
8a2a8ac6046ffff,2
8a2a8ac6046ffff,15
8a2a8a89242ffff,0
8a2a8ac6481ffff,2
8a2a8ac6481ffff,0
8a2a8ac65007fff,14
8a2a8ac65007fff,4
8a2a8ac6c037fff,15
8a2a8ac6036ffff,5
8a2a8ac62037fff,15
8a2a8ac618a7fff,3
8a2a8ac66b1ffff,15
8a2a8ac66b1ffff,2
8a2a8ad5b207fff,15
8a2a8ac60617fff,2
8a2a8ac60617fff,15
8a2a8a8925b7fff,0
8a2a8a8925b7fff,2
8a2a8ad48707fff,0
8a2a8ad4a61ffff,15
8a2a8ad4a61ffff,2
8a2a8ac665b7fff,15
8a2a8ad4a58ffff,15
8a2a8ac6100ffff,15
8a2a8ad4a707fff,15
8a2a8ac6671ffff,15
8a2a8ad59657fff,15
8a2a8ad5932ffff,15
8a2a8ad4e257fff,15
8a2a8ac66b27fff,15
8a2a8a892cd7fff,0
8a2a8a892cd7fff,10
8a2a8ac62867fff,15
8a2a8ad5906ffff,15
8a2a8ac75b77fff,15
8a2a8ac64747fff,0
8a2a8ac64747fff,2
8a2a8ac65d37fff,0
8a2a8ac65d37fff,1
8a2a8ac65d37fff,8
8a2a8ac65d37fff,8
8a2a8ac65d37fff,2
8a2a8ac62c47fff,15
8a2a8ac60777fff,2
8a2a8ac60777fff,15
8a2a8ac62157fff,2
8a2a8ac62157fff,15
8a2a8a8934c7fff,6
8a2a8ac64697fff,15
8a2a8ac662b7fff,15
8a2a8a892547fff,0
8a2a8ac608effff,5
8a2a8a892daffff,1
8a2a8a892daffff,7
8a2a8a892daffff,0
8a2a8ac650e7fff,14
8a2a8ac650e7fff,5
8a2a8ad5b3b7fff,15
8a2a8ad4aaaffff,0
8a2a8ac64907fff,0
8a2a8ad48537fff,15
8a2a8ac6636ffff,15
8a2a8ad4a05ffff,0
8a2a8ac6004ffff,15
8a2a8ac664d7fff,15
8a2a8ac61d1ffff,5
8a2a8a89244ffff,0
8a2a8a89244ffff,3
8a2a8ac6115ffff,3
8a2a8ad4b307fff,0
8a2a8ad4b307fff,8
8a2a8ac6139ffff,15
8a2a8ac6111ffff,3
8a2a8a892a9ffff,8
8a2a8ad4bc87fff,1
8a2a8ad4bc87fff,10
8a2a8ad4bc87fff,2
8a2a8ad4bc87fff,2
8a2a8ac60b5ffff,5
8a2a8ac64937fff,0
8a2a8a89280ffff,0
8a2a8a8935a7fff,6
8a2a8a8935a7fff,15
8a2a8ac648b7fff,15
8a2a8ac648b7fff,15
8a2a8ac602dffff,2
8a2a8ac602dffff,15
8a2a8ac62267fff,15
8a2a8ac668a7fff,15
8a2a8ad4adaffff,15
8a2a8ac614b7fff,15
8a2a8ac66657fff,15
8a2a8a89212ffff,0
8a2a8ac6448ffff,15
8a2a8ad4bc07fff,2
8a2a8ad5b2b7fff,15
8a2a8ac6c127fff,7
8a2a8ac6c127fff,15
8a2a8ac61a4ffff,3
8a2a8ac63a57fff,15
8a2a8ad59b8ffff,15
8a2a8ad59b8ffff,2
8a2a8ac61747fff,15
8a2a8ad4b2f7fff,0
8a2a8ac630e7fff,2
8a2a8ac6672ffff,15
8a2a8ac6182ffff,3
8a2a8ad4b60ffff,0
8a2a8a8965b7fff,1
8a2a8a8965b7fff,11
8a2a8a8965b7fff,0
8a2a8ac6c19ffff,15
8a2a8ac62a17fff,15
8a2a8ac60b8ffff,5
8a2a8a892b9ffff,11
8a2a8a892b9ffff,0
8a2a8ac62b2ffff,15
8a2a8ad484f7fff,2
8a2a8ac6562ffff,5
8a2a8a892477fff,0
8a2a8ac64087fff,2
8a2a8ac61367fff,15
8a2a8ac61527fff,15
8a2a8ac6512ffff,7
8a2a8ac6512ffff,4
8a2a8ac6092ffff,10
8a2a8a892c27fff,1
8a2a8a892c27fff,10
8a2a8a892c27fff,0
8a2a8ad4bc47fff,2
8a2a8ac6499ffff,15
8a2a8ad5b39ffff,15
8a2a8ac61c07fff,5
8a2a8ac60637fff,2
8a2a8ac61c97fff,15
8a2a8ad4a6affff,15
8a2a8ad4a6affff,2
8a2a8ac611affff,3
8a2a8a892897fff,0
8a2a8ac63047fff,2
8a2a8ac63047fff,15
8a2a8ad4b66ffff,0
8a2a8ad59adffff,15
8a2a8ac6022ffff,15
8a2a8ac6152ffff,15
8a2a8ad4a70ffff,15
8a2a8a892a57fff,1
8a2a8a892a57fff,0
8a2a8ac64c2ffff,15
8a2a8ac64c2ffff,2
8a2a8ac6142ffff,15
8a2a8ad486b7fff,1
8a2a8ac603a7fff,15
8a2a8ac662c7fff,15
8a2a8ac61d5ffff,3
8a2a8ac61d5ffff,5
8a2a8ac63527fff,15
8a2a8a893487fff,6
8a2a8ac62b07fff,15
8a2a8ac6399ffff,2
8a2a8ac6206ffff,2
8a2a8ac6206ffff,15
8a2a8ad4bcdffff,0
8a2a8ad4bcdffff,1
8a2a8ad4bcdffff,2
8a2a8ad4bcdffff,10
8a2a8ac63d9ffff,15
8a2a8ac6cdaffff,3
8a2a8ac6cdaffff,15
8a2a8ac642dffff,10
8a2a8ac63067fff,2
8a2a8ac63067fff,15
8a2a8ac6342ffff,15
8a2a8a8934a7fff,6
8a2a8ac664f7fff,15
8a2a8ad4b51ffff,10
8a2a8ad4b51ffff,2
8a2a8ad4b51ffff,3
8a2a8ad592cffff,15
8a2a8ac652affff,3
8a2a8ac652affff,11
8a2a8ac652affff,5
8a2a8a89675ffff,0
8a2a8ac6c86ffff,6
8a2a8ac6c86ffff,7
8a2a8ad4e277fff,15
8a2a8ac61897fff,3
8a2a8ac6078ffff,2
8a2a8ac6078ffff,15
8a2a8a89238ffff,1
8a2a8a89238ffff,10
8a2a8ad4a31ffff,0
8a2a8ac66797fff,15
8a2a8ad59b07fff,2
8a2a8ac666affff,15
8a2a8ac605affff,15
8a2a8ac62317fff,2
8a2a8ac62317fff,15
8a2a8ad59a07fff,2
8a2a8ac647affff,15
8a2a8ac647affff,2
8a2a8ad4842ffff,2
8a2a8ac606cffff,2
8a2a8ac602cffff,15
8a2a8ad48547fff,0
8a2a8ad48547fff,2
8a2a8ad48547fff,15
8a2a8ac6140ffff,15
8a2a8ac6cb6ffff,6
8a2a8a892537fff,0
8a2a8ac6c337fff,7
8a2a8ac6c337fff,10
8a2a8ac6c337fff,2
8a2a8ad4b9affff,2
8a2a8ad4a65ffff,15
8a2a8ac66adffff,15
8a2a8ac61ac7fff,3
8a2a8ac61ac7fff,15
8a2a8a892207fff,0
8a2a8ac66d47fff,15
8a2a8ad48477fff,0
8a2a8ad48477fff,2
8a2a8ad4a307fff,0
8a2a8ac6dd1ffff,7
8a2a8ac600cffff,15
8a2a8ac6434ffff,2
8a2a8ac6434ffff,0
8a2a8ac600f7fff,11
8a2a8ac66ad7fff,15
8a2a8ad5975ffff,15
8a2a8ad4a757fff,15
8a2a8ad59aaffff,15
8a2a8ad59aaffff,2
8a2a8ad4b707fff,0
8a2a8ad4b707fff,2
8a2a8ad59267fff,15
8a2a8ac65ceffff,4
8a2a8ac65ceffff,5
8a2a8ac6c30ffff,7
8a2a8ac6c30ffff,10
8a2a8ac64d2ffff,2
8a2a8ad59337fff,15
8a2a8ac64327fff,0
8a2a8ac6048ffff,15
8a2a8ac61037fff,3
8a2a8ac61037fff,15
8a2a8ac6c72ffff,3
8a2a8ac6c72ffff,7
8a2a8ad4ad0ffff,15
8a2a8ac608a7fff,5
8a2a8ac608a7fff,8
8a2a8ac6542ffff,5
8a2a8ac666effff,15
8a2a8ac60d87fff,15
8a2a8ac658cffff,2
8a2a8ac658cffff,7
8a2a8ac658cffff,1
8a2a8ac658cffff,4
8a2a8ac60d5ffff,15
8a2a8ac60d5ffff,15
8a2a8a890497fff,0
8a2a8ad4b76ffff,0
8a2a8ac6599ffff,11
8a2a8ac6599ffff,0
8a2a8ac6599ffff,1
8a2a8ad4b6c7fff,0
8a2a8ac66a87fff,15
8a2a8ac66a87fff,2
8a2a8a893687fff,6
8a2a8ac642affff,10
8a2a8ac642affff,0
8a2a8ac642affff,11
8a2a8ac6530ffff,0
8a2a8ac6505ffff,11
8a2a8ac6505ffff,14
8a2a8ac66ac7fff,15
8a2a8ac64ab7fff,10
8a2a8ac64ab7fff,8
8a2a8ac64ab7fff,2
8a2a8ad4b99ffff,2
8a2a8ad59387fff,15
8a2a8ac62357fff,15
8a2a8ac66627fff,15
8a2a8ad4852ffff,15
8a2a8ad59067fff,15
8a2a8ad48727fff,0
8a2a8ac60927fff,10
8a2a8ac6544ffff,5
8a2a8ac63c1ffff,15
8a2a8ad4bd0ffff,2
8a2a8ad4b56ffff,0
8a2a8ad4b56ffff,1
8a2a8ac6cc27fff,3
8a2a8ac6cc27fff,15
8a2a8ad4ab2ffff,2
8a2a8ad48697fff,1
8a2a8ac65227fff,0
8a2a8ac65227fff,3
8a2a8ac65227fff,11
8a2a8a8930f7fff,15
8a2a8ac6231ffff,15
8a2a8ac63adffff,15
8a2a8ac6c10ffff,15
8a2a8ac65d07fff,0
8a2a8ac65d07fff,1
8a2a8ac66447fff,15
8a2a8ad4e247fff,15
8a2a8ac668e7fff,15
8a2a8a893477fff,6
8a2a8ac64797fff,15
8a2a8ac643b7fff,0
8a2a8ad4b79ffff,0
8a2a8ad4b79ffff,8
8a2a8ad4b79ffff,1
8a2a8a896257fff,2
8a2a8a896427fff,0
8a2a8ac62d4ffff,15
8a2a8ac6521ffff,0
8a2a8ac6521ffff,3
8a2a8ac6290ffff,15
8a2a8a892817fff,0
8a2a8ac66b8ffff,2
8a2a8ac66bb7fff,15
8a2a8ad4b637fff,0
8a2a8ad4b2e7fff,0
8a2a8ac6511ffff,14
8a2a8ac6511ffff,4
8a2a8a8924cffff,3
8a2a8ac64b27fff,3
8a2a8ac64b27fff,8
8a2a8ac64b27fff,2
8a2a8a892c97fff,0
8a2a8ac60a17fff,5
8a2a8ad59b27fff,2
8a2a8ac65627fff,5
8a2a8ac66c57fff,15
8a2a8ac66c57fff,9
8a2a8ad4a507fff,15
8a2a8ac60437fff,15
8a2a8ac66987fff,15
8a2a8ad4a177fff,0
8a2a8ad4a74ffff,0
8a2a8ad4e667fff,15
8a2a8ac62027fff,2
8a2a8ac62027fff,15
8a2a8ad59627fff,15
8a2a8ad5929ffff,15
8a2a8ac60387fff,15
8a2a8ac6438ffff,0
8a2a8ac60187fff,13
8a2a8ac60187fff,2
8a2a8a8922dffff,6
8a2a8a8922dffff,2
8a2a8a8922dffff,10
8a2a8a8926f7fff,2
8a2a8a8926f7fff,3
8a2a8ad4e60ffff,15
8a2a8ac61327fff,3
8a2a8ac61327fff,15
8a2a8ac6ed27fff,15
8a2a8ad59a1ffff,15
8a2a8ad59a1ffff,2
8a2a8ac60727fff,2
8a2a8ac60727fff,11
8a2a8ac63557fff,15
8a2a8a8920affff,0
8a2a8a8920affff,13
8a2a8a8920affff,10
8a2a8a8920affff,3
8a2a8ac6c097fff,15
8a2a8ad5b287fff,15
8a2a8ac6c38ffff,10
8a2a8ac6c38ffff,3
8a2a8ac666c7fff,15
8a2a8ac64607fff,2
8a2a8ac6582ffff,1
8a2a8ac66817fff,15
8a2a8a89215ffff,11
8a2a8a89202ffff,10
8a2a8a89202ffff,11
8a2a8a89202ffff,1
8a2a8ac66117fff,15
8a2a8ad4e20ffff,15
8a2a8ac64077fff,8
8a2a8ac6c3a7fff,10
8a2a8ac6c3a7fff,3
8a2a8ad4b217fff,0
8a2a8ad4b217fff,1
8a2a8ad4e657fff,15
8a2a8ac63127fff,2
8a2a8ac63127fff,15
8a2a8ad4bcd7fff,0
8a2a8ad4bcd7fff,2
8a2a8ad4bcd7fff,10
8a2a8ad4bcd7fff,3
8a2a8ac65ca7fff,8
8a2a8ac65ca7fff,2
8a2a8ac65ca7fff,10
8a2a8ac66677fff,15
8a2a8ad5b2d7fff,15
8a2a8ad596cffff,15
8a2a8ac60b57fff,5
8a2a8ac638e7fff,15
8a2a8ac654f7fff,5
8a2a8ac61147fff,3
8a2a8ad4a8a7fff,15
8a2a8ad4b08ffff,0
8a2a8ad4b08ffff,2
8a2a8ad4a21ffff,2
8a2a8ad4a21ffff,9
8a2a8ad4a21ffff,0
8a2a8ac6612ffff,15
8a2a8ac60aeffff,5
8a2a8ac63d97fff,15
8a2a8a892d1ffff,1
8a2a8a892d1ffff,0
8a2a8ac6cc37fff,3
8a2a8ac6cc37fff,15
8a2a8ad4a347fff,1
8a2a8ad4a347fff,2
8a2a8ad4a347fff,0
8a2a8a8967affff,0
8a2a8ac614cffff,15
8a2a8a89662ffff,0
8a2a8ac645b7fff,15
8a2a8a8936b7fff,6
8a2a8ac63d17fff,15
8a2a8ac61d37fff,5
8a2a8ac63ba7fff,15
8a2a8ac60237fff,15
8a2a8ac61b9ffff,3
8a2a8ac64cc7fff,15
8a2a8ad4a2d7fff,0
8a2a8ad4a517fff,15
8a2a8ad48447fff,0
8a2a8ad48447fff,2
8a2a8ac61b57fff,3
8a2a8ad59b47fff,2
8a2a8ad480affff,0
8a2a8ac65baffff,2
8a2a8ac65baffff,0
8a2a8ac66027fff,15
8a2a8a892d9ffff,0
8a2a8a8922cffff,6
8a2a8a8922cffff,2
8a2a8ac660a7fff,15
8a2a8a892a5ffff,1
8a2a8ad4b61ffff,0
8a2a8ac6486ffff,8
8a2a8ac6486ffff,2
8a2a8ac668dffff,15
8a2a8ac614e7fff,15
8a2a8ad4aaf7fff,0
8a2a8a8966dffff,0
8a2a8ac63d57fff,2
8a2a8ac63d57fff,15
8a2a8ac61d77fff,5
8a2a8ac6608ffff,15
8a2a8ac602c7fff,15
8a2a8ac6118ffff,3
8a2a8ac6118ffff,15
8a2a8ac62a8ffff,2
8a2a8ac62a8ffff,15
8a2a8a89286ffff,0
8a2a8ac658b7fff,1
8a2a8ac62807fff,15
8a2a8ac66b2ffff,15
8a2a8ac6cb2ffff,6
8a2a8ad593affff,15
8a2a8a8966f7fff,0
8a2a8a892ceffff,10
8a2a8ac604dffff,15
8a2a8a896757fff,0
8a2a8ad4b2cffff,1
8a2a8ad4b2cffff,11
8a2a8ad4b2cffff,0
8a2a8ac6421ffff,0
8a2a8ac61857fff,3
8a2a8a8966b7fff,0
8a2a8ac66637fff,15
8a2a8ac6296ffff,15
8a2a8ac65b67fff,0
8a2a8ac6352ffff,15
8a2a8ac6351ffff,15
8a2a8a892567fff,0
8a2a8a892567fff,10
8a2a8a892457fff,0
8a2a8ac66ba7fff,15
8a2a8ac66ba7fff,2
8a2a8ac62d77fff,15
8a2a8ac66737fff,15
8a2a8ad4a46ffff,15
8a2a8ac6550ffff,5
8a2a8a896407fff,0
8a2a8ac628affff,15
8a2a8a8920c7fff,13
8a2a8a8920c7fff,3
8a2a8ac6066ffff,2
8a2a8ad4b0d7fff,2
8a2a8ac61d9ffff,5
8a2a8a892137fff,10
8a2a8a892137fff,0
8a2a8ac63ce7fff,15
8a2a8ac615a7fff,15
8a2a8ad4b6affff,0
8a2a8ac6074ffff,2
8a2a8ac6074ffff,15
8a2a8ad4b687fff,0
8a2a8ad4b687fff,8
8a2a8ac644d7fff,15
8a2a8ad4a047fff,0
8a2a8a8936c7fff,6
8a2a8a8936c7fff,7
8a2a8a8928cffff,11
8a2a8a8928cffff,1
8a2a8a8928cffff,0
8a2a8ac6564ffff,5
8a2a8ad4a15ffff,0
8a2a8ac668b7fff,15
8a2a8ac60007fff,7
8a2a8ac60007fff,12
8a2a8ac664effff,15
8a2a8ad4a097fff,15
8a2a8a89211ffff,10
8a2a8a89211ffff,0
8a2a8a89289ffff,0
8a2a8ad4a697fff,15
8a2a8ad4a697fff,2
8a2a8a8962affff,2
8a2a8a8962affff,0
8a2a8ac6656ffff,15
8a2a8ac6656ffff,9
8a2a8ac60b07fff,5
8a2a8ad5b30ffff,15
8a2a8ad4878ffff,0
8a2a8ad4878ffff,1
8a2a8ac6508ffff,5
8a2a8ac65a77fff,1
8a2a8ac65a77fff,0
8a2a8ac64c37fff,15
8a2a8ac64c37fff,2
8a2a8a89200ffff,13
8a2a8a89200ffff,10
8a2a8a89288ffff,0
8a2a8a8936d7fff,6
8a2a8a8936d7fff,7
8a2a8ad4aaa7fff,0
8a2a8ad5961ffff,15
8a2a8ac62b27fff,15
8a2a8ac60baffff,5
8a2a8ad4a357fff,0
8a2a8ac6cc6ffff,15
8a2a8ad4b547fff,8
8a2a8ad4b547fff,1
8a2a8ad4b547fff,2
8a2a8ac63d67fff,2
8a2a8a892107fff,10
8a2a8a892107fff,0
8a2a8ad4b6cffff,0
8a2a8ac66c4ffff,15
8a2a8ac6356ffff,15
8a2a8ad4a68ffff,15
8a2a8ad4a68ffff,2
8a2a8ac6340ffff,15
8a2a8a892387fff,1
8a2a8a892387fff,13
8a2a8a892387fff,10
8a2a8a892387fff,3
8a2a8ac6539ffff,2
8a2a8ac6539ffff,5
8a2a8ac6520ffff,0
8a2a8ac6520ffff,3
8a2a8ac6008ffff,11
8a2a8ac65837fff,11
8a2a8ac65837fff,0
8a2a8ac64a17fff,0
8a2a8ac64a17fff,8
8a2a8ac6632ffff,15
8a2a8ad4a2a7fff,0
8a2a8ad4a6b7fff,15
8a2a8ad4a6b7fff,2
8a2a8ac6441ffff,15
8a2a8a8928c7fff,2
8a2a8a8928c7fff,0
8a2a8ac64227fff,0
8a2a8ad4a4effff,15
8a2a8ad4a4effff,2
8a2a8ad4a9a7fff,15
8a2a8ac64977fff,2
8a2a8ac64977fff,0
8a2a8ac63017fff,2
8a2a8ac60227fff,15
8a2a8a89292ffff,2
8a2a8a89292ffff,0
8a2a8ac6418ffff,15
8a2a8ac65a2ffff,1
8a2a8ac65a2ffff,0
8a2a8ad4b39ffff,0
8a2a8a893607fff,6
8a2a8ad4a55ffff,15
8a2a8ac6045ffff,15
8a2a8ad48467fff,0
8a2a8ac66b37fff,15
8a2a8ac6cbaffff,6
8a2a8ac6cbaffff,7
8a2a8ac64467fff,2
8a2a8ac65d8ffff,4
8a2a8ac65d8ffff,8
8a2a8ac65d8ffff,2
8a2a8ac65d8ffff,10
8a2a8a8930dffff,6
8a2a8a8930dffff,15
8a2a8ac60797fff,15
8a2a8ac635affff,15
8a2a8ad4aacffff,0
8a2a8ac642e7fff,0
8a2a8ac6c14ffff,7
8a2a8ac6319ffff,15
8a2a8ad4bd2ffff,2
8a2a8ac66687fff,15
8a2a8ac650c7fff,5
8a2a8ac6686ffff,15
8a2a8a8921affff,10
8a2a8ac6600ffff,15
8a2a8ac64497fff,15
8a2a8ad4e64ffff,15
8a2a8ad4e62ffff,15
8a2a8a89664ffff,0
8a2a8ac62277fff,15
8a2a8ac60577fff,15
8a2a8ac61467fff,15
8a2a8ac60057fff,12
8a2a8ac60057fff,15
8a2a8ac6404ffff,0
8a2a8ac64a4ffff,1
8a2a8ac64a4ffff,8
8a2a8ac64a4ffff,10
8a2a8ad4ad2ffff,15
8a2a8ac60b27fff,5
8a2a8a892aaffff,0
8a2a8ac64297fff,10
8a2a8ac62aeffff,15
8a2a8a8928d7fff,0
8a2a8ac64d87fff,15
8a2a8ac6548ffff,5
8a2a8ac66557fff,15
8a2a8ad4b2dffff,1
8a2a8ad4b2dffff,0
8a2a8ad4abaffff,2
8a2a8ad4abaffff,0
8a2a8ac64a97fff,0
8a2a8ac64a97fff,10
8a2a8ac64a97fff,8
8a2a8ac601a7fff,13
8a2a8ac601a7fff,2
8a2a8ac601a7fff,15
8a2a8ac6452ffff,15
8a2a8ac63ccffff,15
8a2a8ac65507fff,5
8a2a8ac6ccb7fff,15
8a2a8ac602b7fff,2
8a2a8ac602b7fff,15
8a2a8ac63807fff,2
8a2a8ac63807fff,15
8a2a8ac6578ffff,5
8a2a8ac6cd6ffff,3
8a2a8ad4a98ffff,15
8a2a8a89621ffff,2
8a2a8ad4a1a7fff,15
8a2a8ac6311ffff,2
8a2a8ac65b2ffff,0
8a2a8ad5931ffff,15
8a2a8a89371ffff,6
8a2a8ac6076ffff,2
8a2a8ac6076ffff,15
8a2a8ad5b297fff,15
8a2a8ac60997fff,15
8a2a8ac60997fff,8
8a2a8ac60997fff,15
8a2a8ad4aa1ffff,0
8a2a8ac62047fff,2
8a2a8ac62047fff,15
8a2a8ac6401ffff,2
8a2a8ac6401ffff,8
8a2a8a89282ffff,2
8a2a8a89282ffff,0
8a2a8ac6466ffff,8
8a2a8ac6466ffff,10
8a2a8ac6c117fff,15
8a2a8ac60647fff,2
8a2a8ad4a38ffff,0
8a2a8ac60b1ffff,5
8a2a8ad4b387fff,0
8a2a8ac6519ffff,4
8a2a8ac6519ffff,5
8a2a8ac6531ffff,0
8a2a8ac6531ffff,11
8a2a8ac61267fff,15
8a2a8ad4a6c7fff,15
8a2a8ad4a6c7fff,2
8a2a8ac648effff,2
8a2a8ac6011ffff,13
8a2a8ac6011ffff,15
8a2a8a892667fff,2
8a2a8a892667fff,3
8a2a8ac65daffff,1
8a2a8ac65daffff,10
8a2a8ad4b467fff,0
8a2a8ad4b467fff,1
8a2a8ad4b467fff,8
8a2a8a89632ffff,0
8a2a8ac61947fff,3
8a2a8a896377fff,0
8a2a8ad5b2a7fff,15
8a2a8a893427fff,6
8a2a8a893427fff,15
8a2a8ac6c997fff,3
8a2a8ac61837fff,3
8a2a8ac65987fff,11
8a2a8ac65987fff,0
8a2a8ac65987fff,1
8a2a8ac64cd7fff,15
8a2a8ac6551ffff,5
8a2a8ac6101ffff,15
8a2a8a8964f7fff,0
8a2a8a89232ffff,1
8a2a8a89232ffff,8
8a2a8ad4bd17fff,1
8a2a8ad4bd17fff,2
8a2a8ac61067fff,3
8a2a8ac61067fff,15
8a2a8ac65957fff,1
8a2a8ac65957fff,2
8a2a8ac65d87fff,2
8a2a8ac65d87fff,2
8a2a8ac65d87fff,10
8a2a8ac60c1ffff,15
8a2a8ad4b0cffff,0
8a2a8ad4b0cffff,2
8a2a8ad59367fff,15
8a2a8ac60aa7fff,5
8a2a8ac65a0ffff,1
8a2a8ac65a0ffff,0
8a2a8a892907fff,2
8a2a8a892907fff,0
8a2a8a89668ffff,0
8a2a8ac6058ffff,15
8a2a8ad4850ffff,15
8a2a8ac6432ffff,0
8a2a8ac65d27fff,0
8a2a8ac65d27fff,2
8a2a8ac65d27fff,8
8a2a8ac62d37fff,15
8a2a8ac61c67fff,3
8a2a8ac64c77fff,15
8a2a8ac64c77fff,15
8a2a8ac64c77fff,2
8a2a8ac60cdffff,2
8a2a8ac60cdffff,15
8a2a8ac6236ffff,15
8a2a8ac6055ffff,15
8a2a8ac61ab7fff,3
8a2a8ac63997fff,2
8a2a8ad4a4f7fff,15
8a2a8ad4a4f7fff,2
8a2a8ac64707fff,2
8a2a8ac665affff,15
8a2a8ac61077fff,3
8a2a8ac61077fff,15
8a2a8ac6609ffff,15
8a2a8ac6c747fff,3
8a2a8ac6c747fff,7
8a2a8ad4a077fff,0
8a2a8ac6081ffff,5
8a2a8ac6081ffff,8
8a2a8ac6571ffff,5
8a2a8a890597fff,2
8a2a8ad4a2effff,2
8a2a8ad4a2effff,9
8a2a8ac6c1a7fff,15
8a2a8a892837fff,0
8a2a8ac64d37fff,15
8a2a8ac60ac7fff,5
8a2a8ad4a607fff,15
8a2a8ad4ad37fff,15
8a2a8ac607a7fff,2
8a2a8ac607a7fff,15
8a2a8ac61a27fff,3
8a2a8ac65d97fff,2
8a2a8ac65d97fff,0
8a2a8ac65d97fff,1
8a2a8ac65d97fff,10
8a2a8a8966e7fff,0
8a2a8ad4e78ffff,15
8a2a8ac65b87fff,2
8a2a8ac65b87fff,0
8a2a8ac65b87fff,4
8a2a8ac608affff,8
8a2a8ac60737fff,2
8a2a8ac60737fff,11
8a2a8ac60737fff,15
8a2a8ad59757fff,15
8a2a8ac635a7fff,15
8a2a8ad4a1affff,15
8a2a8ac64d6ffff,15
8a2a8ac62a97fff,2
8a2a8ac62a97fff,15
8a2a8a893617fff,6
8a2a8ac6184ffff,3
8a2a8ad4a977fff,15
8a2a8ac6628ffff,15
8a2a8ac646cffff,15
8a2a8ac646cffff,15
8a2a8ac7592ffff,15
8a2a8ac64a1ffff,0
8a2a8ad4b4c7fff,10
8a2a8ad4b4c7fff,2
8a2a8ac65247fff,0
8a2a8ad4a2e7fff,2
8a2a8ad4a2e7fff,9
8a2a8ad4a2e7fff,0
8a2a8a8964e7fff,0
8a2a8ad4ac0ffff,15
8a2a8ac60027fff,7
8a2a8ac60027fff,12
8a2a8ac60027fff,15
8a2a8ac63b1ffff,15
8a2a8ad4a3b7fff,0
8a2a8ad4a0e7fff,0
8a2a8ac66517fff,15
8a2a8ac65a57fff,1
8a2a8ac65a57fff,0
8a2a8ad4aa47fff,2
8a2a8ad4aa47fff,1
8a2a8ad4aa47fff,1
8a2a8ac60317fff,15
8a2a8ac61a77fff,3
8a2a8ac662cffff,15
8a2a8ac65057fff,14
8a2a8a8930c7fff,15
8a2a8ac635b7fff,15
8a2a8ac6295ffff,15
8a2a8ac61da7fff,5
8a2a8a893437fff,6
8a2a8ac64597fff,15
8a2a8ad4b4a7fff,2
8a2a8ac6c18ffff,15
8a2a8ad4ad67fff,15
8a2a8ac6480ffff,2
8a2a8ad5b237fff,15
8a2a8ac6135ffff,15
8a2a8ac62aaffff,15
8a2a8ac667b7fff,15
8a2a8ac6638ffff,15
8a2a8ad4b447fff,8
8a2a8ad4b447fff,1
8a2a8ad4b447fff,10
8a2a8ac620a7fff,15
8a2a8ac61a37fff,3
8a2a8ac63c97fff,15
8a2a8ac60d0ffff,15
8a2a8ac64b5ffff,1
8a2a8ac64b5ffff,3
8a2a8ac64b5ffff,10
8a2a8ac652d7fff,0
8a2a8ac652d7fff,3
8a2a8ac652d7fff,2
8a2a8ac64ba7fff,8
8a2a8ac64ba7fff,2
8a2a8ad4b75ffff,0
8a2a8ac64b8ffff,8
8a2a8ac64b8ffff,2
8a2a8ac6410ffff,8
8a2a8ac6410ffff,2
8a2a8a893637fff,6
8a2a8a8934affff,6
8a2a8a89341ffff,6
8a2a8ac617b7fff,15
8a2a8ac648d7fff,2
8a2a8ac618c7fff,3
8a2a8ac6284ffff,15
8a2a8ad484effff,0
8a2a8ad484effff,2
8a2a8ac66a77fff,15
8a2a8ac6130ffff,15
8a2a8ad596a7fff,15
8a2a8ac64577fff,15
8a2a8ac64577fff,2
8a2a8ac6625ffff,15
8a2a8ad4aa57fff,2
8a2a8ad4aa57fff,1
8a2a8ad4aa57fff,0
8a2a8a8935affff,6
8a2a8a8935affff,15
8a2a8ad4b74ffff,0
8a2a8ad4b777fff,0
8a2a8ad4b777fff,2
8a2a8ac61c8ffff,5
8a2a8ac61c8ffff,15
8a2a8ac64acffff,0
8a2a8ac64acffff,1
8a2a8ac63c8ffff,15
8a2a8ad59277fff,15
8a2a8ac62d2ffff,15
8a2a8ad4bd37fff,2
8a2a8ac63b87fff,15
8a2a8ac64407fff,15
8a2a8ac6ca87fff,10
8a2a8ac6ca87fff,7
8a2a8ac6ca87fff,2
8a2a8ad59217fff,15
8a2a8a8963affff,0
8a2a8a8926cffff,3
8a2a8a8935b7fff,6
8a2a8ad4e627fff,15
8a2a8ac6030ffff,5
8a2a8ac6030ffff,15
8a2a8ad4acdffff,15
8a2a8ac63827fff,2
8a2a8ac65477fff,5
8a2a8ac64baffff,8
8a2a8ac64baffff,2
8a2a8ac6408ffff,2
8a2a8ac668affff,15
8a2a8ac64687fff,15
8a2a8a8936f7fff,6
8a2a8ad4b417fff,2
8a2a8ac61d0ffff,5
8a2a8ad5d267fff,15
8a2a8ac63b97fff,15
8a2a8ac64047fff,0
8a2a8ac64047fff,8
8a2a8ad5905ffff,15
8a2a8ad4ba9ffff,0
8a2a8ac642d7fff,10
8a2a8ac60a47fff,5
8a2a8ad4e26ffff,15
8a2a8ad4e237fff,15
8a2a8ac66177fff,15
8a2a8ac653b7fff,11
8a2a8ac653b7fff,14
8a2a8ac653b7fff,5
8a2a8ac6611ffff,15
8a2a8ac63d47fff,2
8a2a8ac63d47fff,15
8a2a8ac6384ffff,15
8a2a8ac60217fff,15
8a2a8ac644affff,15
8a2a8ac61987fff,3
8a2a8ac61987fff,5
8a2a8ad4a417fff,15
8a2a8ad4a957fff,15
8a2a8ad590c7fff,15
8a2a8ac6cc2ffff,3
8a2a8ac6cc2ffff,15
8a2a8ac651b7fff,5
8a2a8a896cb7fff,0
8a2a8a896cb7fff,8
8a2a8ad4b267fff,0
8a2a8ac64027fff,8
8a2a8ac64027fff,2
8a2a8ac6419ffff,15
8a2a8ac6419ffff,2
8a2a8ac630effff,2
8a2a8a8920e7fff,13
8a2a8a8920e7fff,10
8a2a8ac6ccaffff,15
8a2a8ac650effff,14
8a2a8ac650effff,5
8a2a8ac654e7fff,5
8a2a8ac63d87fff,15
8a2a8ad4b4affff,2
8a2a8ad4a42ffff,15
8a2a8a89649ffff,0
8a2a8ad4a447fff,15
8a2a8ac65a17fff,0
8a2a8ac65b57fff,0
8a2a8ad4a777fff,15
8a2a8ac60a9ffff,5
8a2a8ac660cffff,15
8a2a8a8962e7fff,2
8a2a8ac65c77fff,4
8a2a8ac65c77fff,1
8a2a8ac65c77fff,5
8a2a8ac6149ffff,15
8a2a8ac60c0ffff,15
8a2a8ac6651ffff,15
8a2a8a896797fff,0
8a2a8ac6665ffff,15
8a2a8ad4a037fff,15
8a2a8ad4a037fff,0
8a2a8ac6380ffff,15
8a2a8ad4b997fff,2
8a2a8ac6288ffff,15
8a2a8ac6660ffff,15
8a2a8ad4b6a7fff,0
8a2a8ad485a7fff,15
8a2a8ac60d8ffff,15
8a2a8a892b37fff,0
8a2a8ac610affff,15
8a2a8a89228ffff,7
8a2a8a89228ffff,10
8a2a8a8924d7fff,3
8a2a8ac600a7fff,11
8a2a8ac600a7fff,2
8a2a8ad59767fff,15
8a2a8a89642ffff,0
8a2a8ad4e2f7fff,15
8a2a8ac6552ffff,5
8a2a8a893657fff,15
8a2a8a893657fff,6
8a2a8ac65347fff,0
8a2a8a896497fff,0
8a2a8ad4b587fff,2
8a2a8ac63c77fff,2
8a2a8ac63c77fff,15
8a2a8ad4a017fff,15
8a2a8ac6509ffff,5
8a2a8ad4a6effff,15
8a2a8ad4b767fff,0
8a2a8ad4b767fff,2
8a2a8ac64107fff,15
8a2a8ac64107fff,2
8a2a8ac64107fff,15
8a2a8ad59aa7fff,15
8a2a8ad59aa7fff,2
8a2a8ac64817fff,2
8a2a8ac64817fff,0
8a2a8ad59b97fff,15
8a2a8ac66a97fff,15
8a2a8ad592c7fff,15
8a2a8ac6286ffff,15
8a2a8a89295ffff,2
8a2a8a89295ffff,0
8a2a8ac6cc0ffff,15
8a2a8ac64237fff,0
8a2a8ac6c147fff,7
8a2a8ac6038ffff,15
8a2a8ac60c97fff,15
8a2a8ad4b187fff,0
8a2a8ac664dffff,15
8a2a8ad4a987fff,15
8a2a8ac6178ffff,15
8a2a8ac6c91ffff,7
8a2a8ad4b6f7fff,0
8a2a8ad4e6d7fff,15
8a2a8ac6035ffff,15
8a2a8ad59ae7fff,15
8a2a8ad59ae7fff,2
8a2a8ad4a057fff,0
8a2a8ad596effff,15
8a2a8ac63337fff,15
8a2a8ac62aa7fff,15
8a2a8ad4a8cffff,0
8a2a8ac6516ffff,4
8a2a8ac6c067fff,7
8a2a8ac63bb7fff,15
8a2a8ac62a9ffff,2
8a2a8ac6635ffff,15
8a2a8a8928b7fff,0
8a2a8ac641affff,15
8a2a8a89360ffff,15
8a2a8a89360ffff,6
8a2a8ac629a7fff,15
8a2a8ac640dffff,0
8a2a8ac640dffff,2
8a2a8ac640dffff,8
8a2a8ac63daffff,15
8a2a8ac63aa7fff,15
8a2a8a892677fff,2
8a2a8a892677fff,3
8a2a8ac62ce7fff,15
8a2a8ad4b747fff,0
8a2a8ad4b747fff,2
8a2a8ac6400ffff,8
8a2a8ac62847fff,15
8a2a8ac60d97fff,15
8a2a8ac66757fff,15
8a2a8ac6589ffff,4
8a2a8ac6589ffff,1
8a2a8a892cb7fff,0
8a2a8ac638dffff,15
8a2a8ac6515ffff,14
8a2a8ac6515ffff,4
8a2a8a892c4ffff,10
8a2a8a892c4ffff,0
8a2a8ac6104ffff,15
8a2a8ac65c37fff,4
8a2a8ac65c37fff,1
8a2a8ac65c37fff,10
8a2a8ac64987fff,15
8a2a8ac64987fff,0
8a2a8ac61417fff,15
8a2a8ac65c2ffff,4
8a2a8ac65c2ffff,1
8a2a8ad5b2cffff,15
8a2a8ac606b7fff,15
8a2a8ac63b67fff,15
8a2a8ac61a9ffff,3
8a2a8ac61a9ffff,15
8a2a8ac6604ffff,15
8a2a8ac6ccf7fff,15
8a2a8ad4a6f7fff,15
8a2a8ad4a6f7fff,2
8a2a8a89638ffff,0
8a2a8ad5b3affff,15
8a2a8a8920dffff,13
8a2a8a8920dffff,3
8a2a8ad4e6affff,15
8a2a8ac6214ffff,2
8a2a8ac6214ffff,15
8a2a8ac60ca7fff,15
8a2a8ac618affff,3
8a2a8ad4b237fff,0
8a2a8ad4b237fff,1
8a2a8ad4b237fff,2
8a2a8ad4b2a7fff,0
8a2a8ad4b2a7fff,1
8a2a8ac6c177fff,7
8a2a8ac6c177fff,15
8a2a8ac64d5ffff,15
8a2a8ac64d5ffff,15
8a2a8ac64d5ffff,2
8a2a8ac668effff,15
8a2a8ad4a237fff,0
8a2a8ad596affff,15
8a2a8a89368ffff,6
8a2a8a89368ffff,7
8a2a8ad484e7fff,2
8a2a8ac6070ffff,2
8a2a8ad4ba8ffff,0
8a2a8ad4ba8ffff,0
8a2a8ac606e7fff,2
8a2a8ac62b1ffff,15
8a2a8ac61387fff,15
8a2a8ac6535ffff,0
8a2a8ad4a32ffff,0
8a2a8ac60b2ffff,5
8a2a8ad4e267fff,15
8a2a8ac66c37fff,15
8a2a8a8920a7fff,0
8a2a8a8920a7fff,10
8a2a8ac6042ffff,15
8a2a8ac62b67fff,15
8a2a8ad4bc27fff,1
8a2a8ad4bc27fff,2
8a2a8ac65ab7fff,1
8a2a8ac65ab7fff,2
8a2a8ac65ab7fff,4
8a2a8ad59227fff,15
8a2a8ac6389ffff,2
8a2a8ac6389ffff,15
8a2a8a89272ffff,3
8a2a8ad4bd67fff,2
8a2a8ac66527fff,15
8a2a8ac66527fff,9
8a2a8ac61adffff,15
8a2a8a89208ffff,0
8a2a8a89208ffff,3
8a2a8ac65217fff,3
8a2a8ac65217fff,2
8a2a8ac65217fff,11
8a2a8ac6639ffff,15
8a2a8ac66caffff,15
8a2a8ac66caffff,9
8a2a8a8966c7fff,0
8a2a8ad4a157fff,0
8a2a8ac65817fff,14
8a2a8ac65817fff,11
8a2a8ad4a51ffff,15
8a2a8ac61ccffff,3
8a2a8ac61ccffff,15
8a2a8ac6cb77fff,6
8a2a8a893627fff,15
8a2a8a893627fff,6
